symbol,index,date
AA,DIA,1/3/2005
AIG,DIA,1/3/2005
AXP,DIA,1/3/2005
BA,DIA,1/3/2005
C,DIA,1/3/2005
CAT,DIA,1/3/2005
DD,DIA,1/3/2005
DIS,DIA,1/3/2005
GE,DIA,1/3/2005
HD,DIA,1/3/2005
HON,DIA,1/3/2005
HPQ,DIA,1/3/2005
IBM,DIA,1/3/2005
INTC,DIA,1/3/2005
JNJ,DIA,1/3/2005
JPM,DIA,1/3/2005
KO,DIA,1/3/2005
MCD,DIA,1/3/2005
MMM,DIA,1/3/2005
MO,DIA,1/3/2005
MRK,DIA,1/3/2005
MSFT,DIA,1/3/2005
MTLQQ,DIA,1/3/2005
PFE,DIA,1/3/2005
PG,DIA,1/3/2005
T,DIA,1/3/2005
UTX,DIA,1/3/2005
VZ,DIA,1/3/2005
WMT,DIA,1/3/2005
XOM,DIA,1/3/2005
AA,DIA,2/1/2005
AIG,DIA,2/1/2005
AXP,DIA,2/1/2005
BA,DIA,2/1/2005
C,DIA,2/1/2005
CAT,DIA,2/1/2005
DD,DIA,2/1/2005
DIS,DIA,2/1/2005
GE,DIA,2/1/2005
HD,DIA,2/1/2005
HON,DIA,2/1/2005
HPQ,DIA,2/1/2005
IBM,DIA,2/1/2005
INTC,DIA,2/1/2005
JNJ,DIA,2/1/2005
JPM,DIA,2/1/2005
KO,DIA,2/1/2005
MCD,DIA,2/1/2005
MMM,DIA,2/1/2005
MO,DIA,2/1/2005
MRK,DIA,2/1/2005
MSFT,DIA,2/1/2005
MTLQQ,DIA,2/1/2005
PFE,DIA,2/1/2005
PG,DIA,2/1/2005
T,DIA,2/1/2005
UTX,DIA,2/1/2005
VZ,DIA,2/1/2005
WMT,DIA,2/1/2005
XOM,DIA,2/1/2005
AA,DIA,3/1/2005
AIG,DIA,3/1/2005
AXP,DIA,3/1/2005
BA,DIA,3/1/2005
C,DIA,3/1/2005
CAT,DIA,3/1/2005
DD,DIA,3/1/2005
DIS,DIA,3/1/2005
GE,DIA,3/1/2005
HD,DIA,3/1/2005
HON,DIA,3/1/2005
HPQ,DIA,3/1/2005
IBM,DIA,3/1/2005
INTC,DIA,3/1/2005
JNJ,DIA,3/1/2005
JPM,DIA,3/1/2005
KO,DIA,3/1/2005
MCD,DIA,3/1/2005
MMM,DIA,3/1/2005
MO,DIA,3/1/2005
MRK,DIA,3/1/2005
MSFT,DIA,3/1/2005
MTLQQ,DIA,3/1/2005
PFE,DIA,3/1/2005
PG,DIA,3/1/2005
T,DIA,3/1/2005
UTX,DIA,3/1/2005
VZ,DIA,3/1/2005
WMT,DIA,3/1/2005
XOM,DIA,3/1/2005
AA,DIA,4/1/2005
AIG,DIA,4/1/2005
AXP,DIA,4/1/2005
BA,DIA,4/1/2005
C,DIA,4/1/2005
CAT,DIA,4/1/2005
DD,DIA,4/1/2005
DIS,DIA,4/1/2005
GE,DIA,4/1/2005
HD,DIA,4/1/2005
HON,DIA,4/1/2005
HPQ,DIA,4/1/2005
IBM,DIA,4/1/2005
INTC,DIA,4/1/2005
JNJ,DIA,4/1/2005
JPM,DIA,4/1/2005
KO,DIA,4/1/2005
MCD,DIA,4/1/2005
MMM,DIA,4/1/2005
MO,DIA,4/1/2005
MRK,DIA,4/1/2005
MSFT,DIA,4/1/2005
MTLQQ,DIA,4/1/2005
PFE,DIA,4/1/2005
PG,DIA,4/1/2005
T,DIA,4/1/2005
UTX,DIA,4/1/2005
VZ,DIA,4/1/2005
WMT,DIA,4/1/2005
XOM,DIA,4/1/2005
AA,DIA,5/2/2005
AIG,DIA,5/2/2005
AXP,DIA,5/2/2005
BA,DIA,5/2/2005
C,DIA,5/2/2005
CAT,DIA,5/2/2005
DD,DIA,5/2/2005
DIS,DIA,5/2/2005
GE,DIA,5/2/2005
HD,DIA,5/2/2005
HON,DIA,5/2/2005
HPQ,DIA,5/2/2005
IBM,DIA,5/2/2005
INTC,DIA,5/2/2005
JNJ,DIA,5/2/2005
JPM,DIA,5/2/2005
KO,DIA,5/2/2005
MCD,DIA,5/2/2005
MMM,DIA,5/2/2005
MO,DIA,5/2/2005
MRK,DIA,5/2/2005
MSFT,DIA,5/2/2005
MTLQQ,DIA,5/2/2005
PFE,DIA,5/2/2005
PG,DIA,5/2/2005
T,DIA,5/2/2005
UTX,DIA,5/2/2005
VZ,DIA,5/2/2005
WMT,DIA,5/2/2005
XOM,DIA,5/2/2005
AA,DIA,6/1/2005
AIG,DIA,6/1/2005
AXP,DIA,6/1/2005
BA,DIA,6/1/2005
C,DIA,6/1/2005
CAT,DIA,6/1/2005
DD,DIA,6/1/2005
DIS,DIA,6/1/2005
GE,DIA,6/1/2005
HD,DIA,6/1/2005
HON,DIA,6/1/2005
HPQ,DIA,6/1/2005
IBM,DIA,6/1/2005
INTC,DIA,6/1/2005
JNJ,DIA,6/1/2005
JPM,DIA,6/1/2005
KO,DIA,6/1/2005
MCD,DIA,6/1/2005
MMM,DIA,6/1/2005
MO,DIA,6/1/2005
MRK,DIA,6/1/2005
MSFT,DIA,6/1/2005
MTLQQ,DIA,6/1/2005
PFE,DIA,6/1/2005
PG,DIA,6/1/2005
T,DIA,6/1/2005
UTX,DIA,6/1/2005
VZ,DIA,6/1/2005
WMT,DIA,6/1/2005
XOM,DIA,6/1/2005
AA,DIA,7/1/2005
AIG,DIA,7/1/2005
AXP,DIA,7/1/2005
BA,DIA,7/1/2005
C,DIA,7/1/2005
CAT,DIA,7/1/2005
DD,DIA,7/1/2005
DIS,DIA,7/1/2005
GE,DIA,7/1/2005
HD,DIA,7/1/2005
HON,DIA,7/1/2005
HPQ,DIA,7/1/2005
IBM,DIA,7/1/2005
INTC,DIA,7/1/2005
JNJ,DIA,7/1/2005
JPM,DIA,7/1/2005
KO,DIA,7/1/2005
MCD,DIA,7/1/2005
MMM,DIA,7/1/2005
MO,DIA,7/1/2005
MRK,DIA,7/1/2005
MSFT,DIA,7/1/2005
MTLQQ,DIA,7/1/2005
PFE,DIA,7/1/2005
PG,DIA,7/1/2005
T,DIA,7/1/2005
UTX,DIA,7/1/2005
VZ,DIA,7/1/2005
WMT,DIA,7/1/2005
XOM,DIA,7/1/2005
AA,DIA,8/1/2005
AIG,DIA,8/1/2005
AXP,DIA,8/1/2005
BA,DIA,8/1/2005
C,DIA,8/1/2005
CAT,DIA,8/1/2005
DD,DIA,8/1/2005
DIS,DIA,8/1/2005
GE,DIA,8/1/2005
HD,DIA,8/1/2005
HON,DIA,8/1/2005
HPQ,DIA,8/1/2005
IBM,DIA,8/1/2005
INTC,DIA,8/1/2005
JNJ,DIA,8/1/2005
JPM,DIA,8/1/2005
KO,DIA,8/1/2005
MCD,DIA,8/1/2005
MMM,DIA,8/1/2005
MO,DIA,8/1/2005
MRK,DIA,8/1/2005
MSFT,DIA,8/1/2005
MTLQQ,DIA,8/1/2005
PFE,DIA,8/1/2005
PG,DIA,8/1/2005
T,DIA,8/1/2005
UTX,DIA,8/1/2005
VZ,DIA,8/1/2005
WMT,DIA,8/1/2005
XOM,DIA,8/1/2005
AA,DIA,9/1/2005
AIG,DIA,9/1/2005
AXP,DIA,9/1/2005
BA,DIA,9/1/2005
C,DIA,9/1/2005
CAT,DIA,9/1/2005
DD,DIA,9/1/2005
DIS,DIA,9/1/2005
GE,DIA,9/1/2005
HD,DIA,9/1/2005
HON,DIA,9/1/2005
HPQ,DIA,9/1/2005
IBM,DIA,9/1/2005
INTC,DIA,9/1/2005
JNJ,DIA,9/1/2005
JPM,DIA,9/1/2005
KO,DIA,9/1/2005
MCD,DIA,9/1/2005
MMM,DIA,9/1/2005
MO,DIA,9/1/2005
MRK,DIA,9/1/2005
MSFT,DIA,9/1/2005
MTLQQ,DIA,9/1/2005
PFE,DIA,9/1/2005
PG,DIA,9/1/2005
T,DIA,9/1/2005
UTX,DIA,9/1/2005
VZ,DIA,9/1/2005
WMT,DIA,9/1/2005
XOM,DIA,9/1/2005
AA,DIA,10/3/2005
AIG,DIA,10/3/2005
AXP,DIA,10/3/2005
BA,DIA,10/3/2005
C,DIA,10/3/2005
CAT,DIA,10/3/2005
DD,DIA,10/3/2005
DIS,DIA,10/3/2005
GE,DIA,10/3/2005
HD,DIA,10/3/2005
HON,DIA,10/3/2005
HPQ,DIA,10/3/2005
IBM,DIA,10/3/2005
INTC,DIA,10/3/2005
JNJ,DIA,10/3/2005
JPM,DIA,10/3/2005
KO,DIA,10/3/2005
MCD,DIA,10/3/2005
MMM,DIA,10/3/2005
MO,DIA,10/3/2005
MRK,DIA,10/3/2005
MSFT,DIA,10/3/2005
MTLQQ,DIA,10/3/2005
PFE,DIA,10/3/2005
PG,DIA,10/3/2005
T,DIA,10/3/2005
UTX,DIA,10/3/2005
VZ,DIA,10/3/2005
WMT,DIA,10/3/2005
XOM,DIA,10/3/2005
AA,DIA,11/1/2005
AIG,DIA,11/1/2005
AXP,DIA,11/1/2005
BA,DIA,11/1/2005
C,DIA,11/1/2005
CAT,DIA,11/1/2005
DD,DIA,11/1/2005
DIS,DIA,11/1/2005
GE,DIA,11/1/2005
HD,DIA,11/1/2005
HON,DIA,11/1/2005
HPQ,DIA,11/1/2005
IBM,DIA,11/1/2005
INTC,DIA,11/1/2005
JNJ,DIA,11/1/2005
JPM,DIA,11/1/2005
KO,DIA,11/1/2005
MCD,DIA,11/1/2005
MMM,DIA,11/1/2005
MO,DIA,11/1/2005
MRK,DIA,11/1/2005
MSFT,DIA,11/1/2005
MTLQQ,DIA,11/1/2005
PFE,DIA,11/1/2005
PG,DIA,11/1/2005
T,DIA,11/1/2005
UTX,DIA,11/1/2005
VZ,DIA,11/1/2005
WMT,DIA,11/1/2005
XOM,DIA,11/1/2005
AA,DIA,11/21/2005
AIG,DIA,11/21/2005
AXP,DIA,11/21/2005
BA,DIA,11/21/2005
C,DIA,11/21/2005
CAT,DIA,11/21/2005
DD,DIA,11/21/2005
DIS,DIA,11/21/2005
GE,DIA,11/21/2005
HD,DIA,11/21/2005
HON,DIA,11/21/2005
HPQ,DIA,11/21/2005
IBM,DIA,11/21/2005
INTC,DIA,11/21/2005
JNJ,DIA,11/21/2005
JPM,DIA,11/21/2005
KO,DIA,11/21/2005
MCD,DIA,11/21/2005
MMM,DIA,11/21/2005
MO,DIA,11/21/2005
MRK,DIA,11/21/2005
MSFT,DIA,11/21/2005
MTLQQ,DIA,11/21/2005
PFE,DIA,11/21/2005
PG,DIA,11/21/2005
T,DIA,11/21/2005
UTX,DIA,11/21/2005
VZ,DIA,11/21/2005
WMT,DIA,11/21/2005
XOM,DIA,11/21/2005
AA,DIA,12/1/2005
AIG,DIA,12/1/2005
AXP,DIA,12/1/2005
BA,DIA,12/1/2005
C,DIA,12/1/2005
CAT,DIA,12/1/2005
DD,DIA,12/1/2005
DIS,DIA,12/1/2005
GE,DIA,12/1/2005
HD,DIA,12/1/2005
HON,DIA,12/1/2005
HPQ,DIA,12/1/2005
IBM,DIA,12/1/2005
INTC,DIA,12/1/2005
JNJ,DIA,12/1/2005
JPM,DIA,12/1/2005
KO,DIA,12/1/2005
MCD,DIA,12/1/2005
MMM,DIA,12/1/2005
MO,DIA,12/1/2005
MRK,DIA,12/1/2005
MSFT,DIA,12/1/2005
MTLQQ,DIA,12/1/2005
PFE,DIA,12/1/2005
PG,DIA,12/1/2005
T,DIA,12/1/2005
UTX,DIA,12/1/2005
VZ,DIA,12/1/2005
WMT,DIA,12/1/2005
XOM,DIA,12/1/2005
AA,DIA,1/3/2006
AIG,DIA,1/3/2006
AXP,DIA,1/3/2006
BA,DIA,1/3/2006
C,DIA,1/3/2006
CAT,DIA,1/3/2006
DD,DIA,1/3/2006
DIS,DIA,1/3/2006
GE,DIA,1/3/2006
HD,DIA,1/3/2006
HON,DIA,1/3/2006
HPQ,DIA,1/3/2006
IBM,DIA,1/3/2006
INTC,DIA,1/3/2006
JNJ,DIA,1/3/2006
JPM,DIA,1/3/2006
KO,DIA,1/3/2006
MCD,DIA,1/3/2006
MMM,DIA,1/3/2006
MO,DIA,1/3/2006
MRK,DIA,1/3/2006
MSFT,DIA,1/3/2006
MTLQQ,DIA,1/3/2006
PFE,DIA,1/3/2006
PG,DIA,1/3/2006
T,DIA,1/3/2006
UTX,DIA,1/3/2006
VZ,DIA,1/3/2006
WMT,DIA,1/3/2006
XOM,DIA,1/3/2006
AA,DIA,2/1/2006
AIG,DIA,2/1/2006
AXP,DIA,2/1/2006
BA,DIA,2/1/2006
C,DIA,2/1/2006
CAT,DIA,2/1/2006
DD,DIA,2/1/2006
DIS,DIA,2/1/2006
GE,DIA,2/1/2006
HD,DIA,2/1/2006
HON,DIA,2/1/2006
HPQ,DIA,2/1/2006
IBM,DIA,2/1/2006
INTC,DIA,2/1/2006
JNJ,DIA,2/1/2006
JPM,DIA,2/1/2006
KO,DIA,2/1/2006
MCD,DIA,2/1/2006
MMM,DIA,2/1/2006
MO,DIA,2/1/2006
MRK,DIA,2/1/2006
MSFT,DIA,2/1/2006
MTLQQ,DIA,2/1/2006
PFE,DIA,2/1/2006
PG,DIA,2/1/2006
T,DIA,2/1/2006
UTX,DIA,2/1/2006
VZ,DIA,2/1/2006
WMT,DIA,2/1/2006
XOM,DIA,2/1/2006
AA,DIA,3/1/2006
AIG,DIA,3/1/2006
AXP,DIA,3/1/2006
BA,DIA,3/1/2006
C,DIA,3/1/2006
CAT,DIA,3/1/2006
DD,DIA,3/1/2006
DIS,DIA,3/1/2006
GE,DIA,3/1/2006
HD,DIA,3/1/2006
HON,DIA,3/1/2006
HPQ,DIA,3/1/2006
IBM,DIA,3/1/2006
INTC,DIA,3/1/2006
JNJ,DIA,3/1/2006
JPM,DIA,3/1/2006
KO,DIA,3/1/2006
MCD,DIA,3/1/2006
MMM,DIA,3/1/2006
MO,DIA,3/1/2006
MRK,DIA,3/1/2006
MSFT,DIA,3/1/2006
MTLQQ,DIA,3/1/2006
PFE,DIA,3/1/2006
PG,DIA,3/1/2006
T,DIA,3/1/2006
UTX,DIA,3/1/2006
VZ,DIA,3/1/2006
WMT,DIA,3/1/2006
XOM,DIA,3/1/2006
AA,DIA,4/3/2006
AIG,DIA,4/3/2006
AXP,DIA,4/3/2006
BA,DIA,4/3/2006
C,DIA,4/3/2006
CAT,DIA,4/3/2006
DD,DIA,4/3/2006
DIS,DIA,4/3/2006
GE,DIA,4/3/2006
HD,DIA,4/3/2006
HON,DIA,4/3/2006
HPQ,DIA,4/3/2006
IBM,DIA,4/3/2006
INTC,DIA,4/3/2006
JNJ,DIA,4/3/2006
JPM,DIA,4/3/2006
KO,DIA,4/3/2006
MCD,DIA,4/3/2006
MMM,DIA,4/3/2006
MO,DIA,4/3/2006
MRK,DIA,4/3/2006
MSFT,DIA,4/3/2006
MTLQQ,DIA,4/3/2006
PFE,DIA,4/3/2006
PG,DIA,4/3/2006
T,DIA,4/3/2006
UTX,DIA,4/3/2006
VZ,DIA,4/3/2006
WMT,DIA,4/3/2006
XOM,DIA,4/3/2006
AA,DIA,5/1/2006
AIG,DIA,5/1/2006
AXP,DIA,5/1/2006
BA,DIA,5/1/2006
C,DIA,5/1/2006
CAT,DIA,5/1/2006
DD,DIA,5/1/2006
DIS,DIA,5/1/2006
GE,DIA,5/1/2006
HD,DIA,5/1/2006
HON,DIA,5/1/2006
HPQ,DIA,5/1/2006
IBM,DIA,5/1/2006
INTC,DIA,5/1/2006
JNJ,DIA,5/1/2006
JPM,DIA,5/1/2006
KO,DIA,5/1/2006
MCD,DIA,5/1/2006
MMM,DIA,5/1/2006
MO,DIA,5/1/2006
MRK,DIA,5/1/2006
MSFT,DIA,5/1/2006
MTLQQ,DIA,5/1/2006
PFE,DIA,5/1/2006
PG,DIA,5/1/2006
T,DIA,5/1/2006
UTX,DIA,5/1/2006
VZ,DIA,5/1/2006
WMT,DIA,5/1/2006
XOM,DIA,5/1/2006
AA,DIA,6/1/2006
AIG,DIA,6/1/2006
AXP,DIA,6/1/2006
BA,DIA,6/1/2006
C,DIA,6/1/2006
CAT,DIA,6/1/2006
DD,DIA,6/1/2006
DIS,DIA,6/1/2006
GE,DIA,6/1/2006
HD,DIA,6/1/2006
HON,DIA,6/1/2006
HPQ,DIA,6/1/2006
IBM,DIA,6/1/2006
INTC,DIA,6/1/2006
JNJ,DIA,6/1/2006
JPM,DIA,6/1/2006
KO,DIA,6/1/2006
MCD,DIA,6/1/2006
MMM,DIA,6/1/2006
MO,DIA,6/1/2006
MRK,DIA,6/1/2006
MSFT,DIA,6/1/2006
MTLQQ,DIA,6/1/2006
PFE,DIA,6/1/2006
PG,DIA,6/1/2006
T,DIA,6/1/2006
UTX,DIA,6/1/2006
VZ,DIA,6/1/2006
WMT,DIA,6/1/2006
XOM,DIA,6/1/2006
AA,DIA,7/3/2006
AIG,DIA,7/3/2006
AXP,DIA,7/3/2006
BA,DIA,7/3/2006
C,DIA,7/3/2006
CAT,DIA,7/3/2006
DD,DIA,7/3/2006
DIS,DIA,7/3/2006
GE,DIA,7/3/2006
HD,DIA,7/3/2006
HON,DIA,7/3/2006
HPQ,DIA,7/3/2006
IBM,DIA,7/3/2006
INTC,DIA,7/3/2006
JNJ,DIA,7/3/2006
JPM,DIA,7/3/2006
KO,DIA,7/3/2006
MCD,DIA,7/3/2006
MMM,DIA,7/3/2006
MO,DIA,7/3/2006
MRK,DIA,7/3/2006
MSFT,DIA,7/3/2006
MTLQQ,DIA,7/3/2006
PFE,DIA,7/3/2006
PG,DIA,7/3/2006
T,DIA,7/3/2006
UTX,DIA,7/3/2006
VZ,DIA,7/3/2006
WMT,DIA,7/3/2006
XOM,DIA,7/3/2006
AA,DIA,8/1/2006
AIG,DIA,8/1/2006
AXP,DIA,8/1/2006
BA,DIA,8/1/2006
C,DIA,8/1/2006
CAT,DIA,8/1/2006
DD,DIA,8/1/2006
DIS,DIA,8/1/2006
GE,DIA,8/1/2006
HD,DIA,8/1/2006
HON,DIA,8/1/2006
HPQ,DIA,8/1/2006
IBM,DIA,8/1/2006
INTC,DIA,8/1/2006
JNJ,DIA,8/1/2006
JPM,DIA,8/1/2006
KO,DIA,8/1/2006
MCD,DIA,8/1/2006
MMM,DIA,8/1/2006
MO,DIA,8/1/2006
MRK,DIA,8/1/2006
MSFT,DIA,8/1/2006
MTLQQ,DIA,8/1/2006
PFE,DIA,8/1/2006
PG,DIA,8/1/2006
T,DIA,8/1/2006
UTX,DIA,8/1/2006
VZ,DIA,8/1/2006
WMT,DIA,8/1/2006
XOM,DIA,8/1/2006
AA,DIA,9/1/2006
AIG,DIA,9/1/2006
AXP,DIA,9/1/2006
BA,DIA,9/1/2006
C,DIA,9/1/2006
CAT,DIA,9/1/2006
DD,DIA,9/1/2006
DIS,DIA,9/1/2006
GE,DIA,9/1/2006
HD,DIA,9/1/2006
HON,DIA,9/1/2006
HPQ,DIA,9/1/2006
IBM,DIA,9/1/2006
INTC,DIA,9/1/2006
JNJ,DIA,9/1/2006
JPM,DIA,9/1/2006
KO,DIA,9/1/2006
MCD,DIA,9/1/2006
MMM,DIA,9/1/2006
MO,DIA,9/1/2006
MRK,DIA,9/1/2006
MSFT,DIA,9/1/2006
MTLQQ,DIA,9/1/2006
PFE,DIA,9/1/2006
PG,DIA,9/1/2006
T,DIA,9/1/2006
UTX,DIA,9/1/2006
VZ,DIA,9/1/2006
WMT,DIA,9/1/2006
XOM,DIA,9/1/2006
AA,DIA,10/2/2006
AIG,DIA,10/2/2006
AXP,DIA,10/2/2006
BA,DIA,10/2/2006
C,DIA,10/2/2006
CAT,DIA,10/2/2006
DD,DIA,10/2/2006
DIS,DIA,10/2/2006
GE,DIA,10/2/2006
HD,DIA,10/2/2006
HON,DIA,10/2/2006
HPQ,DIA,10/2/2006
IBM,DIA,10/2/2006
INTC,DIA,10/2/2006
JNJ,DIA,10/2/2006
JPM,DIA,10/2/2006
KO,DIA,10/2/2006
MCD,DIA,10/2/2006
MMM,DIA,10/2/2006
MO,DIA,10/2/2006
MRK,DIA,10/2/2006
MSFT,DIA,10/2/2006
MTLQQ,DIA,10/2/2006
PFE,DIA,10/2/2006
PG,DIA,10/2/2006
T,DIA,10/2/2006
UTX,DIA,10/2/2006
VZ,DIA,10/2/2006
WMT,DIA,10/2/2006
XOM,DIA,10/2/2006
AA,DIA,11/1/2006
AIG,DIA,11/1/2006
AXP,DIA,11/1/2006
BA,DIA,11/1/2006
C,DIA,11/1/2006
CAT,DIA,11/1/2006
DD,DIA,11/1/2006
DIS,DIA,11/1/2006
GE,DIA,11/1/2006
HD,DIA,11/1/2006
HON,DIA,11/1/2006
HPQ,DIA,11/1/2006
IBM,DIA,11/1/2006
INTC,DIA,11/1/2006
JNJ,DIA,11/1/2006
JPM,DIA,11/1/2006
KO,DIA,11/1/2006
MCD,DIA,11/1/2006
MMM,DIA,11/1/2006
MO,DIA,11/1/2006
MRK,DIA,11/1/2006
MSFT,DIA,11/1/2006
MTLQQ,DIA,11/1/2006
PFE,DIA,11/1/2006
PG,DIA,11/1/2006
T,DIA,11/1/2006
UTX,DIA,11/1/2006
VZ,DIA,11/1/2006
WMT,DIA,11/1/2006
XOM,DIA,11/1/2006
AA,DIA,12/1/2006
AIG,DIA,12/1/2006
AXP,DIA,12/1/2006
BA,DIA,12/1/2006
C,DIA,12/1/2006
CAT,DIA,12/1/2006
DD,DIA,12/1/2006
DIS,DIA,12/1/2006
GE,DIA,12/1/2006
HD,DIA,12/1/2006
HON,DIA,12/1/2006
HPQ,DIA,12/1/2006
IBM,DIA,12/1/2006
INTC,DIA,12/1/2006
JNJ,DIA,12/1/2006
JPM,DIA,12/1/2006
KO,DIA,12/1/2006
MCD,DIA,12/1/2006
MMM,DIA,12/1/2006
MO,DIA,12/1/2006
MRK,DIA,12/1/2006
MSFT,DIA,12/1/2006
MTLQQ,DIA,12/1/2006
PFE,DIA,12/1/2006
PG,DIA,12/1/2006
T,DIA,12/1/2006
UTX,DIA,12/1/2006
VZ,DIA,12/1/2006
WMT,DIA,12/1/2006
XOM,DIA,12/1/2006
AA,DIA,1/3/2007
AIG,DIA,1/3/2007
AXP,DIA,1/3/2007
BA,DIA,1/3/2007
C,DIA,1/3/2007
CAT,DIA,1/3/2007
DD,DIA,1/3/2007
DIS,DIA,1/3/2007
GE,DIA,1/3/2007
HD,DIA,1/3/2007
HON,DIA,1/3/2007
HPQ,DIA,1/3/2007
IBM,DIA,1/3/2007
INTC,DIA,1/3/2007
JNJ,DIA,1/3/2007
JPM,DIA,1/3/2007
KO,DIA,1/3/2007
MCD,DIA,1/3/2007
MMM,DIA,1/3/2007
MO,DIA,1/3/2007
MRK,DIA,1/3/2007
MSFT,DIA,1/3/2007
MTLQQ,DIA,1/3/2007
PFE,DIA,1/3/2007
PG,DIA,1/3/2007
T,DIA,1/3/2007
UTX,DIA,1/3/2007
VZ,DIA,1/3/2007
WMT,DIA,1/3/2007
XOM,DIA,1/3/2007
AA,DIA,2/1/2007
AIG,DIA,2/1/2007
AXP,DIA,2/1/2007
BA,DIA,2/1/2007
C,DIA,2/1/2007
CAT,DIA,2/1/2007
DD,DIA,2/1/2007
DIS,DIA,2/1/2007
GE,DIA,2/1/2007
HD,DIA,2/1/2007
HON,DIA,2/1/2007
HPQ,DIA,2/1/2007
IBM,DIA,2/1/2007
INTC,DIA,2/1/2007
JNJ,DIA,2/1/2007
JPM,DIA,2/1/2007
KO,DIA,2/1/2007
MCD,DIA,2/1/2007
MMM,DIA,2/1/2007
MO,DIA,2/1/2007
MRK,DIA,2/1/2007
MSFT,DIA,2/1/2007
MTLQQ,DIA,2/1/2007
PFE,DIA,2/1/2007
PG,DIA,2/1/2007
T,DIA,2/1/2007
UTX,DIA,2/1/2007
VZ,DIA,2/1/2007
WMT,DIA,2/1/2007
XOM,DIA,2/1/2007
AA,DIA,3/1/2007
AIG,DIA,3/1/2007
AXP,DIA,3/1/2007
BA,DIA,3/1/2007
C,DIA,3/1/2007
CAT,DIA,3/1/2007
DD,DIA,3/1/2007
DIS,DIA,3/1/2007
GE,DIA,3/1/2007
HD,DIA,3/1/2007
HON,DIA,3/1/2007
HPQ,DIA,3/1/2007
IBM,DIA,3/1/2007
INTC,DIA,3/1/2007
JNJ,DIA,3/1/2007
JPM,DIA,3/1/2007
KO,DIA,3/1/2007
MCD,DIA,3/1/2007
MMM,DIA,3/1/2007
MO,DIA,3/1/2007
MRK,DIA,3/1/2007
MSFT,DIA,3/1/2007
MTLQQ,DIA,3/1/2007
PFE,DIA,3/1/2007
PG,DIA,3/1/2007
T,DIA,3/1/2007
UTX,DIA,3/1/2007
VZ,DIA,3/1/2007
WMT,DIA,3/1/2007
XOM,DIA,3/1/2007
AA,DIA,4/2/2007
AIG,DIA,4/2/2007
AXP,DIA,4/2/2007
BA,DIA,4/2/2007
C,DIA,4/2/2007
CAT,DIA,4/2/2007
DD,DIA,4/2/2007
DIS,DIA,4/2/2007
GE,DIA,4/2/2007
HD,DIA,4/2/2007
HON,DIA,4/2/2007
HPQ,DIA,4/2/2007
IBM,DIA,4/2/2007
INTC,DIA,4/2/2007
JNJ,DIA,4/2/2007
JPM,DIA,4/2/2007
KO,DIA,4/2/2007
MCD,DIA,4/2/2007
MMM,DIA,4/2/2007
MO,DIA,4/2/2007
MRK,DIA,4/2/2007
MSFT,DIA,4/2/2007
MTLQQ,DIA,4/2/2007
PFE,DIA,4/2/2007
PG,DIA,4/2/2007
T,DIA,4/2/2007
UTX,DIA,4/2/2007
VZ,DIA,4/2/2007
WMT,DIA,4/2/2007
XOM,DIA,4/2/2007
AA,DIA,5/1/2007
AIG,DIA,5/1/2007
AXP,DIA,5/1/2007
BA,DIA,5/1/2007
C,DIA,5/1/2007
CAT,DIA,5/1/2007
DD,DIA,5/1/2007
DIS,DIA,5/1/2007
GE,DIA,5/1/2007
HD,DIA,5/1/2007
HON,DIA,5/1/2007
HPQ,DIA,5/1/2007
IBM,DIA,5/1/2007
INTC,DIA,5/1/2007
JNJ,DIA,5/1/2007
JPM,DIA,5/1/2007
KO,DIA,5/1/2007
MCD,DIA,5/1/2007
MMM,DIA,5/1/2007
MO,DIA,5/1/2007
MRK,DIA,5/1/2007
MSFT,DIA,5/1/2007
MTLQQ,DIA,5/1/2007
PFE,DIA,5/1/2007
PG,DIA,5/1/2007
T,DIA,5/1/2007
UTX,DIA,5/1/2007
VZ,DIA,5/1/2007
WMT,DIA,5/1/2007
XOM,DIA,5/1/2007
AA,DIA,6/1/2007
AIG,DIA,6/1/2007
AXP,DIA,6/1/2007
BA,DIA,6/1/2007
C,DIA,6/1/2007
CAT,DIA,6/1/2007
DD,DIA,6/1/2007
DIS,DIA,6/1/2007
GE,DIA,6/1/2007
HD,DIA,6/1/2007
HON,DIA,6/1/2007
HPQ,DIA,6/1/2007
IBM,DIA,6/1/2007
INTC,DIA,6/1/2007
JNJ,DIA,6/1/2007
JPM,DIA,6/1/2007
KO,DIA,6/1/2007
MCD,DIA,6/1/2007
MMM,DIA,6/1/2007
MO,DIA,6/1/2007
MRK,DIA,6/1/2007
MSFT,DIA,6/1/2007
MTLQQ,DIA,6/1/2007
PFE,DIA,6/1/2007
PG,DIA,6/1/2007
T,DIA,6/1/2007
UTX,DIA,6/1/2007
VZ,DIA,6/1/2007
WMT,DIA,6/1/2007
XOM,DIA,6/1/2007
AA,DIA,7/2/2007
AIG,DIA,7/2/2007
AXP,DIA,7/2/2007
BA,DIA,7/2/2007
C,DIA,7/2/2007
CAT,DIA,7/2/2007
DD,DIA,7/2/2007
DIS,DIA,7/2/2007
GE,DIA,7/2/2007
HD,DIA,7/2/2007
HON,DIA,7/2/2007
HPQ,DIA,7/2/2007
IBM,DIA,7/2/2007
INTC,DIA,7/2/2007
JNJ,DIA,7/2/2007
JPM,DIA,7/2/2007
KO,DIA,7/2/2007
MCD,DIA,7/2/2007
MMM,DIA,7/2/2007
MO,DIA,7/2/2007
MRK,DIA,7/2/2007
MSFT,DIA,7/2/2007
MTLQQ,DIA,7/2/2007
PFE,DIA,7/2/2007
PG,DIA,7/2/2007
T,DIA,7/2/2007
UTX,DIA,7/2/2007
VZ,DIA,7/2/2007
WMT,DIA,7/2/2007
XOM,DIA,7/2/2007
AA,DIA,8/1/2007
AIG,DIA,8/1/2007
AXP,DIA,8/1/2007
BA,DIA,8/1/2007
C,DIA,8/1/2007
CAT,DIA,8/1/2007
DD,DIA,8/1/2007
DIS,DIA,8/1/2007
GE,DIA,8/1/2007
HD,DIA,8/1/2007
HON,DIA,8/1/2007
HPQ,DIA,8/1/2007
IBM,DIA,8/1/2007
INTC,DIA,8/1/2007
JNJ,DIA,8/1/2007
JPM,DIA,8/1/2007
KO,DIA,8/1/2007
MCD,DIA,8/1/2007
MMM,DIA,8/1/2007
MO,DIA,8/1/2007
MRK,DIA,8/1/2007
MSFT,DIA,8/1/2007
MTLQQ,DIA,8/1/2007
PFE,DIA,8/1/2007
PG,DIA,8/1/2007
T,DIA,8/1/2007
UTX,DIA,8/1/2007
VZ,DIA,8/1/2007
WMT,DIA,8/1/2007
XOM,DIA,8/1/2007
AA,DIA,9/4/2007
AIG,DIA,9/4/2007
AXP,DIA,9/4/2007
BA,DIA,9/4/2007
C,DIA,9/4/2007
CAT,DIA,9/4/2007
DD,DIA,9/4/2007
DIS,DIA,9/4/2007
GE,DIA,9/4/2007
HD,DIA,9/4/2007
HON,DIA,9/4/2007
HPQ,DIA,9/4/2007
IBM,DIA,9/4/2007
INTC,DIA,9/4/2007
JNJ,DIA,9/4/2007
JPM,DIA,9/4/2007
KO,DIA,9/4/2007
MCD,DIA,9/4/2007
MMM,DIA,9/4/2007
MO,DIA,9/4/2007
MRK,DIA,9/4/2007
MSFT,DIA,9/4/2007
MTLQQ,DIA,9/4/2007
PFE,DIA,9/4/2007
PG,DIA,9/4/2007
T,DIA,9/4/2007
UTX,DIA,9/4/2007
VZ,DIA,9/4/2007
WMT,DIA,9/4/2007
XOM,DIA,9/4/2007
AA,DIA,10/1/2007
AIG,DIA,10/1/2007
AXP,DIA,10/1/2007
BA,DIA,10/1/2007
C,DIA,10/1/2007
CAT,DIA,10/1/2007
DD,DIA,10/1/2007
DIS,DIA,10/1/2007
GE,DIA,10/1/2007
HD,DIA,10/1/2007
HON,DIA,10/1/2007
HPQ,DIA,10/1/2007
IBM,DIA,10/1/2007
INTC,DIA,10/1/2007
JNJ,DIA,10/1/2007
JPM,DIA,10/1/2007
KO,DIA,10/1/2007
MCD,DIA,10/1/2007
MMM,DIA,10/1/2007
MO,DIA,10/1/2007
MRK,DIA,10/1/2007
MSFT,DIA,10/1/2007
MTLQQ,DIA,10/1/2007
PFE,DIA,10/1/2007
PG,DIA,10/1/2007
T,DIA,10/1/2007
UTX,DIA,10/1/2007
VZ,DIA,10/1/2007
WMT,DIA,10/1/2007
XOM,DIA,10/1/2007
AA,DIA,11/1/2007
AIG,DIA,11/1/2007
AXP,DIA,11/1/2007
BA,DIA,11/1/2007
C,DIA,11/1/2007
CAT,DIA,11/1/2007
DD,DIA,11/1/2007
DIS,DIA,11/1/2007
GE,DIA,11/1/2007
HD,DIA,11/1/2007
HON,DIA,11/1/2007
HPQ,DIA,11/1/2007
IBM,DIA,11/1/2007
INTC,DIA,11/1/2007
JNJ,DIA,11/1/2007
JPM,DIA,11/1/2007
KO,DIA,11/1/2007
MCD,DIA,11/1/2007
MMM,DIA,11/1/2007
MO,DIA,11/1/2007
MRK,DIA,11/1/2007
MSFT,DIA,11/1/2007
MTLQQ,DIA,11/1/2007
PFE,DIA,11/1/2007
PG,DIA,11/1/2007
T,DIA,11/1/2007
UTX,DIA,11/1/2007
VZ,DIA,11/1/2007
WMT,DIA,11/1/2007
XOM,DIA,11/1/2007
AA,DIA,12/3/2007
AIG,DIA,12/3/2007
AXP,DIA,12/3/2007
BA,DIA,12/3/2007
C,DIA,12/3/2007
CAT,DIA,12/3/2007
DD,DIA,12/3/2007
DIS,DIA,12/3/2007
GE,DIA,12/3/2007
HD,DIA,12/3/2007
HON,DIA,12/3/2007
HPQ,DIA,12/3/2007
IBM,DIA,12/3/2007
INTC,DIA,12/3/2007
JNJ,DIA,12/3/2007
JPM,DIA,12/3/2007
KO,DIA,12/3/2007
MCD,DIA,12/3/2007
MMM,DIA,12/3/2007
MO,DIA,12/3/2007
MRK,DIA,12/3/2007
MSFT,DIA,12/3/2007
MTLQQ,DIA,12/3/2007
PFE,DIA,12/3/2007
PG,DIA,12/3/2007
T,DIA,12/3/2007
UTX,DIA,12/3/2007
VZ,DIA,12/3/2007
WMT,DIA,12/3/2007
XOM,DIA,12/3/2007
AA,DIA,1/2/2008
AIG,DIA,1/2/2008
AXP,DIA,1/2/2008
BA,DIA,1/2/2008
C,DIA,1/2/2008
CAT,DIA,1/2/2008
DD,DIA,1/2/2008
DIS,DIA,1/2/2008
GE,DIA,1/2/2008
HD,DIA,1/2/2008
HON,DIA,1/2/2008
HPQ,DIA,1/2/2008
IBM,DIA,1/2/2008
INTC,DIA,1/2/2008
JNJ,DIA,1/2/2008
JPM,DIA,1/2/2008
KO,DIA,1/2/2008
MCD,DIA,1/2/2008
MMM,DIA,1/2/2008
MO,DIA,1/2/2008
MRK,DIA,1/2/2008
MSFT,DIA,1/2/2008
MTLQQ,DIA,1/2/2008
PFE,DIA,1/2/2008
PG,DIA,1/2/2008
T,DIA,1/2/2008
UTX,DIA,1/2/2008
VZ,DIA,1/2/2008
WMT,DIA,1/2/2008
XOM,DIA,1/2/2008
AA,DIA,2/1/2008
AIG,DIA,2/1/2008
AXP,DIA,2/1/2008
BA,DIA,2/1/2008
C,DIA,2/1/2008
CAT,DIA,2/1/2008
DD,DIA,2/1/2008
DIS,DIA,2/1/2008
GE,DIA,2/1/2008
HD,DIA,2/1/2008
HON,DIA,2/1/2008
HPQ,DIA,2/1/2008
IBM,DIA,2/1/2008
INTC,DIA,2/1/2008
JNJ,DIA,2/1/2008
JPM,DIA,2/1/2008
KO,DIA,2/1/2008
MCD,DIA,2/1/2008
MMM,DIA,2/1/2008
MO,DIA,2/1/2008
MRK,DIA,2/1/2008
MSFT,DIA,2/1/2008
MTLQQ,DIA,2/1/2008
PFE,DIA,2/1/2008
PG,DIA,2/1/2008
T,DIA,2/1/2008
UTX,DIA,2/1/2008
VZ,DIA,2/1/2008
WMT,DIA,2/1/2008
XOM,DIA,2/1/2008
AA,DIA,2/19/2008
AIG,DIA,2/19/2008
AXP,DIA,2/19/2008
BA,DIA,2/19/2008
BAC,DIA,2/19/2008
C,DIA,2/19/2008
CAT,DIA,2/19/2008
CVX,DIA,2/19/2008
DD,DIA,2/19/2008
DIS,DIA,2/19/2008
GE,DIA,2/19/2008
HD,DIA,2/19/2008
HPQ,DIA,2/19/2008
IBM,DIA,2/19/2008
INTC,DIA,2/19/2008
JNJ,DIA,2/19/2008
JPM,DIA,2/19/2008
KO,DIA,2/19/2008
MCD,DIA,2/19/2008
MMM,DIA,2/19/2008
MRK,DIA,2/19/2008
MSFT,DIA,2/19/2008
MTLQQ,DIA,2/19/2008
PFE,DIA,2/19/2008
PG,DIA,2/19/2008
T,DIA,2/19/2008
UTX,DIA,2/19/2008
VZ,DIA,2/19/2008
WMT,DIA,2/19/2008
XOM,DIA,2/19/2008
AA,DIA,3/3/2008
AIG,DIA,3/3/2008
AXP,DIA,3/3/2008
BA,DIA,3/3/2008
BAC,DIA,3/3/2008
C,DIA,3/3/2008
CAT,DIA,3/3/2008
CVX,DIA,3/3/2008
DD,DIA,3/3/2008
DIS,DIA,3/3/2008
GE,DIA,3/3/2008
HD,DIA,3/3/2008
HPQ,DIA,3/3/2008
IBM,DIA,3/3/2008
INTC,DIA,3/3/2008
JNJ,DIA,3/3/2008
JPM,DIA,3/3/2008
KO,DIA,3/3/2008
MCD,DIA,3/3/2008
MMM,DIA,3/3/2008
MRK,DIA,3/3/2008
MSFT,DIA,3/3/2008
MTLQQ,DIA,3/3/2008
PFE,DIA,3/3/2008
PG,DIA,3/3/2008
T,DIA,3/3/2008
UTX,DIA,3/3/2008
VZ,DIA,3/3/2008
WMT,DIA,3/3/2008
XOM,DIA,3/3/2008
AA,DIA,4/1/2008
AIG,DIA,4/1/2008
AXP,DIA,4/1/2008
BA,DIA,4/1/2008
BAC,DIA,4/1/2008
C,DIA,4/1/2008
CAT,DIA,4/1/2008
CVX,DIA,4/1/2008
DD,DIA,4/1/2008
DIS,DIA,4/1/2008
GE,DIA,4/1/2008
HD,DIA,4/1/2008
HPQ,DIA,4/1/2008
IBM,DIA,4/1/2008
INTC,DIA,4/1/2008
JNJ,DIA,4/1/2008
JPM,DIA,4/1/2008
KO,DIA,4/1/2008
MCD,DIA,4/1/2008
MMM,DIA,4/1/2008
MRK,DIA,4/1/2008
MSFT,DIA,4/1/2008
MTLQQ,DIA,4/1/2008
PFE,DIA,4/1/2008
PG,DIA,4/1/2008
T,DIA,4/1/2008
UTX,DIA,4/1/2008
VZ,DIA,4/1/2008
WMT,DIA,4/1/2008
XOM,DIA,4/1/2008
AA,DIA,5/1/2008
AIG,DIA,5/1/2008
AXP,DIA,5/1/2008
BA,DIA,5/1/2008
BAC,DIA,5/1/2008
C,DIA,5/1/2008
CAT,DIA,5/1/2008
CVX,DIA,5/1/2008
DD,DIA,5/1/2008
DIS,DIA,5/1/2008
GE,DIA,5/1/2008
HD,DIA,5/1/2008
HPQ,DIA,5/1/2008
IBM,DIA,5/1/2008
INTC,DIA,5/1/2008
JNJ,DIA,5/1/2008
JPM,DIA,5/1/2008
KO,DIA,5/1/2008
MCD,DIA,5/1/2008
MMM,DIA,5/1/2008
MRK,DIA,5/1/2008
MSFT,DIA,5/1/2008
MTLQQ,DIA,5/1/2008
PFE,DIA,5/1/2008
PG,DIA,5/1/2008
T,DIA,5/1/2008
UTX,DIA,5/1/2008
VZ,DIA,5/1/2008
WMT,DIA,5/1/2008
XOM,DIA,5/1/2008
AA,DIA,6/2/2008
AIG,DIA,6/2/2008
AXP,DIA,6/2/2008
BA,DIA,6/2/2008
BAC,DIA,6/2/2008
C,DIA,6/2/2008
CAT,DIA,6/2/2008
CVX,DIA,6/2/2008
DD,DIA,6/2/2008
DIS,DIA,6/2/2008
GE,DIA,6/2/2008
HD,DIA,6/2/2008
HPQ,DIA,6/2/2008
IBM,DIA,6/2/2008
INTC,DIA,6/2/2008
JNJ,DIA,6/2/2008
JPM,DIA,6/2/2008
KO,DIA,6/2/2008
MCD,DIA,6/2/2008
MMM,DIA,6/2/2008
MRK,DIA,6/2/2008
MSFT,DIA,6/2/2008
MTLQQ,DIA,6/2/2008
PFE,DIA,6/2/2008
PG,DIA,6/2/2008
T,DIA,6/2/2008
UTX,DIA,6/2/2008
VZ,DIA,6/2/2008
WMT,DIA,6/2/2008
XOM,DIA,6/2/2008
AA,DIA,7/1/2008
AIG,DIA,7/1/2008
AXP,DIA,7/1/2008
BA,DIA,7/1/2008
BAC,DIA,7/1/2008
C,DIA,7/1/2008
CAT,DIA,7/1/2008
CVX,DIA,7/1/2008
DD,DIA,7/1/2008
DIS,DIA,7/1/2008
GE,DIA,7/1/2008
HD,DIA,7/1/2008
HPQ,DIA,7/1/2008
IBM,DIA,7/1/2008
INTC,DIA,7/1/2008
JNJ,DIA,7/1/2008
JPM,DIA,7/1/2008
KO,DIA,7/1/2008
MCD,DIA,7/1/2008
MMM,DIA,7/1/2008
MRK,DIA,7/1/2008
MSFT,DIA,7/1/2008
MTLQQ,DIA,7/1/2008
PFE,DIA,7/1/2008
PG,DIA,7/1/2008
T,DIA,7/1/2008
UTX,DIA,7/1/2008
VZ,DIA,7/1/2008
WMT,DIA,7/1/2008
XOM,DIA,7/1/2008
AA,DIA,8/1/2008
AIG,DIA,8/1/2008
AXP,DIA,8/1/2008
BA,DIA,8/1/2008
BAC,DIA,8/1/2008
C,DIA,8/1/2008
CAT,DIA,8/1/2008
CVX,DIA,8/1/2008
DD,DIA,8/1/2008
DIS,DIA,8/1/2008
GE,DIA,8/1/2008
HD,DIA,8/1/2008
HPQ,DIA,8/1/2008
IBM,DIA,8/1/2008
INTC,DIA,8/1/2008
JNJ,DIA,8/1/2008
JPM,DIA,8/1/2008
KO,DIA,8/1/2008
MCD,DIA,8/1/2008
MMM,DIA,8/1/2008
MRK,DIA,8/1/2008
MSFT,DIA,8/1/2008
MTLQQ,DIA,8/1/2008
PFE,DIA,8/1/2008
PG,DIA,8/1/2008
T,DIA,8/1/2008
UTX,DIA,8/1/2008
VZ,DIA,8/1/2008
WMT,DIA,8/1/2008
XOM,DIA,8/1/2008
AA,DIA,9/2/2008
AIG,DIA,9/2/2008
AXP,DIA,9/2/2008
BA,DIA,9/2/2008
BAC,DIA,9/2/2008
C,DIA,9/2/2008
CAT,DIA,9/2/2008
CVX,DIA,9/2/2008
DD,DIA,9/2/2008
DIS,DIA,9/2/2008
GE,DIA,9/2/2008
HD,DIA,9/2/2008
HPQ,DIA,9/2/2008
IBM,DIA,9/2/2008
INTC,DIA,9/2/2008
JNJ,DIA,9/2/2008
JPM,DIA,9/2/2008
KO,DIA,9/2/2008
MCD,DIA,9/2/2008
MMM,DIA,9/2/2008
MRK,DIA,9/2/2008
MSFT,DIA,9/2/2008
MTLQQ,DIA,9/2/2008
PFE,DIA,9/2/2008
PG,DIA,9/2/2008
T,DIA,9/2/2008
UTX,DIA,9/2/2008
VZ,DIA,9/2/2008
WMT,DIA,9/2/2008
XOM,DIA,9/2/2008
AA,DIA,9/22/2008
AXP,DIA,9/22/2008
BA,DIA,9/22/2008
BAC,DIA,9/22/2008
C,DIA,9/22/2008
CAT,DIA,9/22/2008
CVX,DIA,9/22/2008
DD,DIA,9/22/2008
DIS,DIA,9/22/2008
GE,DIA,9/22/2008
HD,DIA,9/22/2008
HPQ,DIA,9/22/2008
IBM,DIA,9/22/2008
INTC,DIA,9/22/2008
JNJ,DIA,9/22/2008
JPM,DIA,9/22/2008
KO,DIA,9/22/2008
MCD,DIA,9/22/2008
MDLZ,DIA,9/22/2008
MMM,DIA,9/22/2008
MRK,DIA,9/22/2008
MSFT,DIA,9/22/2008
MTLQQ,DIA,9/22/2008
PFE,DIA,9/22/2008
PG,DIA,9/22/2008
T,DIA,9/22/2008
UTX,DIA,9/22/2008
VZ,DIA,9/22/2008
WMT,DIA,9/22/2008
XOM,DIA,9/22/2008
AA,DIA,10/1/2008
AXP,DIA,10/1/2008
BA,DIA,10/1/2008
BAC,DIA,10/1/2008
C,DIA,10/1/2008
CAT,DIA,10/1/2008
CVX,DIA,10/1/2008
DD,DIA,10/1/2008
DIS,DIA,10/1/2008
GE,DIA,10/1/2008
HD,DIA,10/1/2008
HPQ,DIA,10/1/2008
IBM,DIA,10/1/2008
INTC,DIA,10/1/2008
JNJ,DIA,10/1/2008
JPM,DIA,10/1/2008
KO,DIA,10/1/2008
MCD,DIA,10/1/2008
MDLZ,DIA,10/1/2008
MMM,DIA,10/1/2008
MRK,DIA,10/1/2008
MSFT,DIA,10/1/2008
MTLQQ,DIA,10/1/2008
PFE,DIA,10/1/2008
PG,DIA,10/1/2008
T,DIA,10/1/2008
UTX,DIA,10/1/2008
VZ,DIA,10/1/2008
WMT,DIA,10/1/2008
XOM,DIA,10/1/2008
AA,DIA,11/3/2008
AXP,DIA,11/3/2008
BA,DIA,11/3/2008
BAC,DIA,11/3/2008
C,DIA,11/3/2008
CAT,DIA,11/3/2008
CVX,DIA,11/3/2008
DD,DIA,11/3/2008
DIS,DIA,11/3/2008
GE,DIA,11/3/2008
HD,DIA,11/3/2008
HPQ,DIA,11/3/2008
IBM,DIA,11/3/2008
INTC,DIA,11/3/2008
JNJ,DIA,11/3/2008
JPM,DIA,11/3/2008
KO,DIA,11/3/2008
MCD,DIA,11/3/2008
MDLZ,DIA,11/3/2008
MMM,DIA,11/3/2008
MRK,DIA,11/3/2008
MSFT,DIA,11/3/2008
MTLQQ,DIA,11/3/2008
PFE,DIA,11/3/2008
PG,DIA,11/3/2008
T,DIA,11/3/2008
UTX,DIA,11/3/2008
VZ,DIA,11/3/2008
WMT,DIA,11/3/2008
XOM,DIA,11/3/2008
AA,DIA,12/1/2008
AXP,DIA,12/1/2008
BA,DIA,12/1/2008
BAC,DIA,12/1/2008
C,DIA,12/1/2008
CAT,DIA,12/1/2008
CVX,DIA,12/1/2008
DD,DIA,12/1/2008
DIS,DIA,12/1/2008
GE,DIA,12/1/2008
HD,DIA,12/1/2008
HPQ,DIA,12/1/2008
IBM,DIA,12/1/2008
INTC,DIA,12/1/2008
JNJ,DIA,12/1/2008
JPM,DIA,12/1/2008
KO,DIA,12/1/2008
MCD,DIA,12/1/2008
MDLZ,DIA,12/1/2008
MMM,DIA,12/1/2008
MRK,DIA,12/1/2008
MSFT,DIA,12/1/2008
MTLQQ,DIA,12/1/2008
PFE,DIA,12/1/2008
PG,DIA,12/1/2008
T,DIA,12/1/2008
UTX,DIA,12/1/2008
VZ,DIA,12/1/2008
WMT,DIA,12/1/2008
XOM,DIA,12/1/2008
AA,DIA,1/2/2009
AXP,DIA,1/2/2009
BA,DIA,1/2/2009
BAC,DIA,1/2/2009
C,DIA,1/2/2009
CAT,DIA,1/2/2009
CVX,DIA,1/2/2009
DD,DIA,1/2/2009
DIS,DIA,1/2/2009
GE,DIA,1/2/2009
HD,DIA,1/2/2009
HPQ,DIA,1/2/2009
IBM,DIA,1/2/2009
INTC,DIA,1/2/2009
JNJ,DIA,1/2/2009
JPM,DIA,1/2/2009
KO,DIA,1/2/2009
MCD,DIA,1/2/2009
MDLZ,DIA,1/2/2009
MMM,DIA,1/2/2009
MRK,DIA,1/2/2009
MSFT,DIA,1/2/2009
MTLQQ,DIA,1/2/2009
PFE,DIA,1/2/2009
PG,DIA,1/2/2009
T,DIA,1/2/2009
UTX,DIA,1/2/2009
VZ,DIA,1/2/2009
WMT,DIA,1/2/2009
XOM,DIA,1/2/2009
AA,DIA,2/2/2009
AXP,DIA,2/2/2009
BA,DIA,2/2/2009
BAC,DIA,2/2/2009
C,DIA,2/2/2009
CAT,DIA,2/2/2009
CVX,DIA,2/2/2009
DD,DIA,2/2/2009
DIS,DIA,2/2/2009
GE,DIA,2/2/2009
HD,DIA,2/2/2009
HPQ,DIA,2/2/2009
IBM,DIA,2/2/2009
INTC,DIA,2/2/2009
JNJ,DIA,2/2/2009
JPM,DIA,2/2/2009
KO,DIA,2/2/2009
MCD,DIA,2/2/2009
MDLZ,DIA,2/2/2009
MMM,DIA,2/2/2009
MRK,DIA,2/2/2009
MSFT,DIA,2/2/2009
MTLQQ,DIA,2/2/2009
PFE,DIA,2/2/2009
PG,DIA,2/2/2009
T,DIA,2/2/2009
UTX,DIA,2/2/2009
VZ,DIA,2/2/2009
WMT,DIA,2/2/2009
XOM,DIA,2/2/2009
AA,DIA,3/2/2009
AXP,DIA,3/2/2009
BA,DIA,3/2/2009
BAC,DIA,3/2/2009
C,DIA,3/2/2009
CAT,DIA,3/2/2009
CVX,DIA,3/2/2009
DD,DIA,3/2/2009
DIS,DIA,3/2/2009
GE,DIA,3/2/2009
HD,DIA,3/2/2009
HPQ,DIA,3/2/2009
IBM,DIA,3/2/2009
INTC,DIA,3/2/2009
JNJ,DIA,3/2/2009
JPM,DIA,3/2/2009
KO,DIA,3/2/2009
MCD,DIA,3/2/2009
MDLZ,DIA,3/2/2009
MMM,DIA,3/2/2009
MRK,DIA,3/2/2009
MSFT,DIA,3/2/2009
MTLQQ,DIA,3/2/2009
PFE,DIA,3/2/2009
PG,DIA,3/2/2009
T,DIA,3/2/2009
UTX,DIA,3/2/2009
VZ,DIA,3/2/2009
WMT,DIA,3/2/2009
XOM,DIA,3/2/2009
AA,DIA,4/1/2009
AXP,DIA,4/1/2009
BA,DIA,4/1/2009
BAC,DIA,4/1/2009
C,DIA,4/1/2009
CAT,DIA,4/1/2009
CVX,DIA,4/1/2009
DD,DIA,4/1/2009
DIS,DIA,4/1/2009
GE,DIA,4/1/2009
HD,DIA,4/1/2009
HPQ,DIA,4/1/2009
IBM,DIA,4/1/2009
INTC,DIA,4/1/2009
JNJ,DIA,4/1/2009
JPM,DIA,4/1/2009
KO,DIA,4/1/2009
MCD,DIA,4/1/2009
MDLZ,DIA,4/1/2009
MMM,DIA,4/1/2009
MRK,DIA,4/1/2009
MSFT,DIA,4/1/2009
MTLQQ,DIA,4/1/2009
PFE,DIA,4/1/2009
PG,DIA,4/1/2009
T,DIA,4/1/2009
UTX,DIA,4/1/2009
VZ,DIA,4/1/2009
WMT,DIA,4/1/2009
XOM,DIA,4/1/2009
AA,DIA,5/1/2009
AXP,DIA,5/1/2009
BA,DIA,5/1/2009
BAC,DIA,5/1/2009
C,DIA,5/1/2009
CAT,DIA,5/1/2009
CVX,DIA,5/1/2009
DD,DIA,5/1/2009
DIS,DIA,5/1/2009
GE,DIA,5/1/2009
HD,DIA,5/1/2009
HPQ,DIA,5/1/2009
IBM,DIA,5/1/2009
INTC,DIA,5/1/2009
JNJ,DIA,5/1/2009
JPM,DIA,5/1/2009
KO,DIA,5/1/2009
MCD,DIA,5/1/2009
MDLZ,DIA,5/1/2009
MMM,DIA,5/1/2009
MRK,DIA,5/1/2009
MSFT,DIA,5/1/2009
MTLQQ,DIA,5/1/2009
PFE,DIA,5/1/2009
PG,DIA,5/1/2009
T,DIA,5/1/2009
UTX,DIA,5/1/2009
VZ,DIA,5/1/2009
WMT,DIA,5/1/2009
XOM,DIA,5/1/2009
AA,DIA,6/1/2009
AXP,DIA,6/1/2009
BA,DIA,6/1/2009
BAC,DIA,6/1/2009
C,DIA,6/1/2009
CAT,DIA,6/1/2009
CVX,DIA,6/1/2009
DD,DIA,6/1/2009
DIS,DIA,6/1/2009
GE,DIA,6/1/2009
HD,DIA,6/1/2009
HPQ,DIA,6/1/2009
IBM,DIA,6/1/2009
INTC,DIA,6/1/2009
JNJ,DIA,6/1/2009
JPM,DIA,6/1/2009
KO,DIA,6/1/2009
MCD,DIA,6/1/2009
MDLZ,DIA,6/1/2009
MMM,DIA,6/1/2009
MRK,DIA,6/1/2009
MSFT,DIA,6/1/2009
MTLQQ,DIA,6/1/2009
PFE,DIA,6/1/2009
PG,DIA,6/1/2009
T,DIA,6/1/2009
UTX,DIA,6/1/2009
VZ,DIA,6/1/2009
WMT,DIA,6/1/2009
XOM,DIA,6/1/2009
AA,DIA,6/8/2009
AXP,DIA,6/8/2009
BA,DIA,6/8/2009
BAC,DIA,6/8/2009
CAT,DIA,6/8/2009
CSCO,DIA,6/8/2009
CVX,DIA,6/8/2009
DD,DIA,6/8/2009
DIS,DIA,6/8/2009
GE,DIA,6/8/2009
HD,DIA,6/8/2009
HPQ,DIA,6/8/2009
IBM,DIA,6/8/2009
INTC,DIA,6/8/2009
JNJ,DIA,6/8/2009
JPM,DIA,6/8/2009
KO,DIA,6/8/2009
MCD,DIA,6/8/2009
MDLZ,DIA,6/8/2009
MMM,DIA,6/8/2009
MRK,DIA,6/8/2009
MSFT,DIA,6/8/2009
PFE,DIA,6/8/2009
PG,DIA,6/8/2009
T,DIA,6/8/2009
TRV,DIA,6/8/2009
UTX,DIA,6/8/2009
VZ,DIA,6/8/2009
WMT,DIA,6/8/2009
XOM,DIA,6/8/2009
AA,DIA,7/1/2009
AXP,DIA,7/1/2009
BA,DIA,7/1/2009
BAC,DIA,7/1/2009
CAT,DIA,7/1/2009
CSCO,DIA,7/1/2009
CVX,DIA,7/1/2009
DD,DIA,7/1/2009
DIS,DIA,7/1/2009
GE,DIA,7/1/2009
HD,DIA,7/1/2009
HPQ,DIA,7/1/2009
IBM,DIA,7/1/2009
INTC,DIA,7/1/2009
JNJ,DIA,7/1/2009
JPM,DIA,7/1/2009
KO,DIA,7/1/2009
MCD,DIA,7/1/2009
MDLZ,DIA,7/1/2009
MMM,DIA,7/1/2009
MRK,DIA,7/1/2009
MSFT,DIA,7/1/2009
PFE,DIA,7/1/2009
PG,DIA,7/1/2009
T,DIA,7/1/2009
TRV,DIA,7/1/2009
UTX,DIA,7/1/2009
VZ,DIA,7/1/2009
WMT,DIA,7/1/2009
XOM,DIA,7/1/2009
AA,DIA,8/3/2009
AXP,DIA,8/3/2009
BA,DIA,8/3/2009
BAC,DIA,8/3/2009
CAT,DIA,8/3/2009
CSCO,DIA,8/3/2009
CVX,DIA,8/3/2009
DD,DIA,8/3/2009
DIS,DIA,8/3/2009
GE,DIA,8/3/2009
HD,DIA,8/3/2009
HPQ,DIA,8/3/2009
IBM,DIA,8/3/2009
INTC,DIA,8/3/2009
JNJ,DIA,8/3/2009
JPM,DIA,8/3/2009
KO,DIA,8/3/2009
MCD,DIA,8/3/2009
MDLZ,DIA,8/3/2009
MMM,DIA,8/3/2009
MRK,DIA,8/3/2009
MSFT,DIA,8/3/2009
PFE,DIA,8/3/2009
PG,DIA,8/3/2009
T,DIA,8/3/2009
TRV,DIA,8/3/2009
UTX,DIA,8/3/2009
VZ,DIA,8/3/2009
WMT,DIA,8/3/2009
XOM,DIA,8/3/2009
AA,DIA,9/1/2009
AXP,DIA,9/1/2009
BA,DIA,9/1/2009
BAC,DIA,9/1/2009
CAT,DIA,9/1/2009
CSCO,DIA,9/1/2009
CVX,DIA,9/1/2009
DD,DIA,9/1/2009
DIS,DIA,9/1/2009
GE,DIA,9/1/2009
HD,DIA,9/1/2009
HPQ,DIA,9/1/2009
IBM,DIA,9/1/2009
INTC,DIA,9/1/2009
JNJ,DIA,9/1/2009
JPM,DIA,9/1/2009
KO,DIA,9/1/2009
MCD,DIA,9/1/2009
MDLZ,DIA,9/1/2009
MMM,DIA,9/1/2009
MRK,DIA,9/1/2009
MSFT,DIA,9/1/2009
PFE,DIA,9/1/2009
PG,DIA,9/1/2009
T,DIA,9/1/2009
TRV,DIA,9/1/2009
UTX,DIA,9/1/2009
VZ,DIA,9/1/2009
WMT,DIA,9/1/2009
XOM,DIA,9/1/2009
AA,DIA,10/1/2009
AXP,DIA,10/1/2009
BA,DIA,10/1/2009
BAC,DIA,10/1/2009
CAT,DIA,10/1/2009
CSCO,DIA,10/1/2009
CVX,DIA,10/1/2009
DD,DIA,10/1/2009
DIS,DIA,10/1/2009
GE,DIA,10/1/2009
HD,DIA,10/1/2009
HPQ,DIA,10/1/2009
IBM,DIA,10/1/2009
INTC,DIA,10/1/2009
JNJ,DIA,10/1/2009
JPM,DIA,10/1/2009
KO,DIA,10/1/2009
MCD,DIA,10/1/2009
MDLZ,DIA,10/1/2009
MMM,DIA,10/1/2009
MRK,DIA,10/1/2009
MSFT,DIA,10/1/2009
PFE,DIA,10/1/2009
PG,DIA,10/1/2009
T,DIA,10/1/2009
TRV,DIA,10/1/2009
UTX,DIA,10/1/2009
VZ,DIA,10/1/2009
WMT,DIA,10/1/2009
XOM,DIA,10/1/2009
AA,DIA,11/2/2009
AXP,DIA,11/2/2009
BA,DIA,11/2/2009
BAC,DIA,11/2/2009
CAT,DIA,11/2/2009
CSCO,DIA,11/2/2009
CVX,DIA,11/2/2009
DD,DIA,11/2/2009
DIS,DIA,11/2/2009
GE,DIA,11/2/2009
HD,DIA,11/2/2009
HPQ,DIA,11/2/2009
IBM,DIA,11/2/2009
INTC,DIA,11/2/2009
JNJ,DIA,11/2/2009
JPM,DIA,11/2/2009
KO,DIA,11/2/2009
MCD,DIA,11/2/2009
MDLZ,DIA,11/2/2009
MMM,DIA,11/2/2009
MRK,DIA,11/2/2009
MSFT,DIA,11/2/2009
PFE,DIA,11/2/2009
PG,DIA,11/2/2009
T,DIA,11/2/2009
TRV,DIA,11/2/2009
UTX,DIA,11/2/2009
VZ,DIA,11/2/2009
WMT,DIA,11/2/2009
XOM,DIA,11/2/2009
AA,DIA,12/1/2009
AXP,DIA,12/1/2009
BA,DIA,12/1/2009
BAC,DIA,12/1/2009
CAT,DIA,12/1/2009
CSCO,DIA,12/1/2009
CVX,DIA,12/1/2009
DD,DIA,12/1/2009
DIS,DIA,12/1/2009
GE,DIA,12/1/2009
HD,DIA,12/1/2009
HPQ,DIA,12/1/2009
IBM,DIA,12/1/2009
INTC,DIA,12/1/2009
JNJ,DIA,12/1/2009
JPM,DIA,12/1/2009
KO,DIA,12/1/2009
MCD,DIA,12/1/2009
MDLZ,DIA,12/1/2009
MMM,DIA,12/1/2009
MRK,DIA,12/1/2009
MSFT,DIA,12/1/2009
PFE,DIA,12/1/2009
PG,DIA,12/1/2009
T,DIA,12/1/2009
TRV,DIA,12/1/2009
UTX,DIA,12/1/2009
VZ,DIA,12/1/2009
WMT,DIA,12/1/2009
XOM,DIA,12/1/2009
AA,DIA,1/4/2010
AXP,DIA,1/4/2010
BA,DIA,1/4/2010
BAC,DIA,1/4/2010
CAT,DIA,1/4/2010
CSCO,DIA,1/4/2010
CVX,DIA,1/4/2010
DD,DIA,1/4/2010
DIS,DIA,1/4/2010
GE,DIA,1/4/2010
HD,DIA,1/4/2010
HPQ,DIA,1/4/2010
IBM,DIA,1/4/2010
INTC,DIA,1/4/2010
JNJ,DIA,1/4/2010
JPM,DIA,1/4/2010
KO,DIA,1/4/2010
MCD,DIA,1/4/2010
MDLZ,DIA,1/4/2010
MMM,DIA,1/4/2010
MRK,DIA,1/4/2010
MSFT,DIA,1/4/2010
PFE,DIA,1/4/2010
PG,DIA,1/4/2010
T,DIA,1/4/2010
TRV,DIA,1/4/2010
UTX,DIA,1/4/2010
VZ,DIA,1/4/2010
WMT,DIA,1/4/2010
XOM,DIA,1/4/2010
AA,DIA,2/1/2010
AXP,DIA,2/1/2010
BA,DIA,2/1/2010
BAC,DIA,2/1/2010
CAT,DIA,2/1/2010
CSCO,DIA,2/1/2010
CVX,DIA,2/1/2010
DD,DIA,2/1/2010
DIS,DIA,2/1/2010
GE,DIA,2/1/2010
HD,DIA,2/1/2010
HPQ,DIA,2/1/2010
IBM,DIA,2/1/2010
INTC,DIA,2/1/2010
JNJ,DIA,2/1/2010
JPM,DIA,2/1/2010
KO,DIA,2/1/2010
MCD,DIA,2/1/2010
MDLZ,DIA,2/1/2010
MMM,DIA,2/1/2010
MRK,DIA,2/1/2010
MSFT,DIA,2/1/2010
PFE,DIA,2/1/2010
PG,DIA,2/1/2010
T,DIA,2/1/2010
TRV,DIA,2/1/2010
UTX,DIA,2/1/2010
VZ,DIA,2/1/2010
WMT,DIA,2/1/2010
XOM,DIA,2/1/2010
AA,DIA,3/1/2010
AXP,DIA,3/1/2010
BA,DIA,3/1/2010
BAC,DIA,3/1/2010
CAT,DIA,3/1/2010
CSCO,DIA,3/1/2010
CVX,DIA,3/1/2010
DD,DIA,3/1/2010
DIS,DIA,3/1/2010
GE,DIA,3/1/2010
HD,DIA,3/1/2010
HPQ,DIA,3/1/2010
IBM,DIA,3/1/2010
INTC,DIA,3/1/2010
JNJ,DIA,3/1/2010
JPM,DIA,3/1/2010
KO,DIA,3/1/2010
MCD,DIA,3/1/2010
MDLZ,DIA,3/1/2010
MMM,DIA,3/1/2010
MRK,DIA,3/1/2010
MSFT,DIA,3/1/2010
PFE,DIA,3/1/2010
PG,DIA,3/1/2010
T,DIA,3/1/2010
TRV,DIA,3/1/2010
UTX,DIA,3/1/2010
VZ,DIA,3/1/2010
WMT,DIA,3/1/2010
XOM,DIA,3/1/2010
AA,DIA,4/1/2010
AXP,DIA,4/1/2010
BA,DIA,4/1/2010
BAC,DIA,4/1/2010
CAT,DIA,4/1/2010
CSCO,DIA,4/1/2010
CVX,DIA,4/1/2010
DD,DIA,4/1/2010
DIS,DIA,4/1/2010
GE,DIA,4/1/2010
HD,DIA,4/1/2010
HPQ,DIA,4/1/2010
IBM,DIA,4/1/2010
INTC,DIA,4/1/2010
JNJ,DIA,4/1/2010
JPM,DIA,4/1/2010
KO,DIA,4/1/2010
MCD,DIA,4/1/2010
MDLZ,DIA,4/1/2010
MMM,DIA,4/1/2010
MRK,DIA,4/1/2010
MSFT,DIA,4/1/2010
PFE,DIA,4/1/2010
PG,DIA,4/1/2010
T,DIA,4/1/2010
TRV,DIA,4/1/2010
UTX,DIA,4/1/2010
VZ,DIA,4/1/2010
WMT,DIA,4/1/2010
XOM,DIA,4/1/2010
AA,DIA,5/3/2010
AXP,DIA,5/3/2010
BA,DIA,5/3/2010
BAC,DIA,5/3/2010
CAT,DIA,5/3/2010
CSCO,DIA,5/3/2010
CVX,DIA,5/3/2010
DD,DIA,5/3/2010
DIS,DIA,5/3/2010
GE,DIA,5/3/2010
HD,DIA,5/3/2010
HPQ,DIA,5/3/2010
IBM,DIA,5/3/2010
INTC,DIA,5/3/2010
JNJ,DIA,5/3/2010
JPM,DIA,5/3/2010
KO,DIA,5/3/2010
MCD,DIA,5/3/2010
MDLZ,DIA,5/3/2010
MMM,DIA,5/3/2010
MRK,DIA,5/3/2010
MSFT,DIA,5/3/2010
PFE,DIA,5/3/2010
PG,DIA,5/3/2010
T,DIA,5/3/2010
TRV,DIA,5/3/2010
UTX,DIA,5/3/2010
VZ,DIA,5/3/2010
WMT,DIA,5/3/2010
XOM,DIA,5/3/2010
AA,DIA,6/1/2010
AXP,DIA,6/1/2010
BA,DIA,6/1/2010
BAC,DIA,6/1/2010
CAT,DIA,6/1/2010
CSCO,DIA,6/1/2010
CVX,DIA,6/1/2010
DD,DIA,6/1/2010
DIS,DIA,6/1/2010
GE,DIA,6/1/2010
HD,DIA,6/1/2010
HPQ,DIA,6/1/2010
IBM,DIA,6/1/2010
INTC,DIA,6/1/2010
JNJ,DIA,6/1/2010
JPM,DIA,6/1/2010
KO,DIA,6/1/2010
MCD,DIA,6/1/2010
MDLZ,DIA,6/1/2010
MMM,DIA,6/1/2010
MRK,DIA,6/1/2010
MSFT,DIA,6/1/2010
PFE,DIA,6/1/2010
PG,DIA,6/1/2010
T,DIA,6/1/2010
TRV,DIA,6/1/2010
UTX,DIA,6/1/2010
VZ,DIA,6/1/2010
WMT,DIA,6/1/2010
XOM,DIA,6/1/2010
AA,DIA,7/1/2010
AXP,DIA,7/1/2010
BA,DIA,7/1/2010
BAC,DIA,7/1/2010
CAT,DIA,7/1/2010
CSCO,DIA,7/1/2010
CVX,DIA,7/1/2010
DD,DIA,7/1/2010
DIS,DIA,7/1/2010
GE,DIA,7/1/2010
HD,DIA,7/1/2010
HPQ,DIA,7/1/2010
IBM,DIA,7/1/2010
INTC,DIA,7/1/2010
JNJ,DIA,7/1/2010
JPM,DIA,7/1/2010
KO,DIA,7/1/2010
MCD,DIA,7/1/2010
MDLZ,DIA,7/1/2010
MMM,DIA,7/1/2010
MRK,DIA,7/1/2010
MSFT,DIA,7/1/2010
PFE,DIA,7/1/2010
PG,DIA,7/1/2010
T,DIA,7/1/2010
TRV,DIA,7/1/2010
UTX,DIA,7/1/2010
VZ,DIA,7/1/2010
WMT,DIA,7/1/2010
XOM,DIA,7/1/2010
AA,DIA,8/2/2010
AXP,DIA,8/2/2010
BA,DIA,8/2/2010
BAC,DIA,8/2/2010
CAT,DIA,8/2/2010
CSCO,DIA,8/2/2010
CVX,DIA,8/2/2010
DD,DIA,8/2/2010
DIS,DIA,8/2/2010
GE,DIA,8/2/2010
HD,DIA,8/2/2010
HPQ,DIA,8/2/2010
IBM,DIA,8/2/2010
INTC,DIA,8/2/2010
JNJ,DIA,8/2/2010
JPM,DIA,8/2/2010
KO,DIA,8/2/2010
MCD,DIA,8/2/2010
MDLZ,DIA,8/2/2010
MMM,DIA,8/2/2010
MRK,DIA,8/2/2010
MSFT,DIA,8/2/2010
PFE,DIA,8/2/2010
PG,DIA,8/2/2010
T,DIA,8/2/2010
TRV,DIA,8/2/2010
UTX,DIA,8/2/2010
VZ,DIA,8/2/2010
WMT,DIA,8/2/2010
XOM,DIA,8/2/2010
AA,DIA,9/1/2010
AXP,DIA,9/1/2010
BA,DIA,9/1/2010
BAC,DIA,9/1/2010
CAT,DIA,9/1/2010
CSCO,DIA,9/1/2010
CVX,DIA,9/1/2010
DD,DIA,9/1/2010
DIS,DIA,9/1/2010
GE,DIA,9/1/2010
HD,DIA,9/1/2010
HPQ,DIA,9/1/2010
IBM,DIA,9/1/2010
INTC,DIA,9/1/2010
JNJ,DIA,9/1/2010
JPM,DIA,9/1/2010
KO,DIA,9/1/2010
MCD,DIA,9/1/2010
MDLZ,DIA,9/1/2010
MMM,DIA,9/1/2010
MRK,DIA,9/1/2010
MSFT,DIA,9/1/2010
PFE,DIA,9/1/2010
PG,DIA,9/1/2010
T,DIA,9/1/2010
TRV,DIA,9/1/2010
UTX,DIA,9/1/2010
VZ,DIA,9/1/2010
WMT,DIA,9/1/2010
XOM,DIA,9/1/2010
AA,DIA,10/1/2010
AXP,DIA,10/1/2010
BA,DIA,10/1/2010
BAC,DIA,10/1/2010
CAT,DIA,10/1/2010
CSCO,DIA,10/1/2010
CVX,DIA,10/1/2010
DD,DIA,10/1/2010
DIS,DIA,10/1/2010
GE,DIA,10/1/2010
HD,DIA,10/1/2010
HPQ,DIA,10/1/2010
IBM,DIA,10/1/2010
INTC,DIA,10/1/2010
JNJ,DIA,10/1/2010
JPM,DIA,10/1/2010
KO,DIA,10/1/2010
MCD,DIA,10/1/2010
MDLZ,DIA,10/1/2010
MMM,DIA,10/1/2010
MRK,DIA,10/1/2010
MSFT,DIA,10/1/2010
PFE,DIA,10/1/2010
PG,DIA,10/1/2010
T,DIA,10/1/2010
TRV,DIA,10/1/2010
UTX,DIA,10/1/2010
VZ,DIA,10/1/2010
WMT,DIA,10/1/2010
XOM,DIA,10/1/2010
AA,DIA,11/1/2010
AXP,DIA,11/1/2010
BA,DIA,11/1/2010
BAC,DIA,11/1/2010
CAT,DIA,11/1/2010
CSCO,DIA,11/1/2010
CVX,DIA,11/1/2010
DD,DIA,11/1/2010
DIS,DIA,11/1/2010
GE,DIA,11/1/2010
HD,DIA,11/1/2010
HPQ,DIA,11/1/2010
IBM,DIA,11/1/2010
INTC,DIA,11/1/2010
JNJ,DIA,11/1/2010
JPM,DIA,11/1/2010
KO,DIA,11/1/2010
MCD,DIA,11/1/2010
MDLZ,DIA,11/1/2010
MMM,DIA,11/1/2010
MRK,DIA,11/1/2010
MSFT,DIA,11/1/2010
PFE,DIA,11/1/2010
PG,DIA,11/1/2010
T,DIA,11/1/2010
TRV,DIA,11/1/2010
UTX,DIA,11/1/2010
VZ,DIA,11/1/2010
WMT,DIA,11/1/2010
XOM,DIA,11/1/2010
AA,DIA,12/1/2010
AXP,DIA,12/1/2010
BA,DIA,12/1/2010
BAC,DIA,12/1/2010
CAT,DIA,12/1/2010
CSCO,DIA,12/1/2010
CVX,DIA,12/1/2010
DD,DIA,12/1/2010
DIS,DIA,12/1/2010
GE,DIA,12/1/2010
HD,DIA,12/1/2010
HPQ,DIA,12/1/2010
IBM,DIA,12/1/2010
INTC,DIA,12/1/2010
JNJ,DIA,12/1/2010
JPM,DIA,12/1/2010
KO,DIA,12/1/2010
MCD,DIA,12/1/2010
MDLZ,DIA,12/1/2010
MMM,DIA,12/1/2010
MRK,DIA,12/1/2010
MSFT,DIA,12/1/2010
PFE,DIA,12/1/2010
PG,DIA,12/1/2010
T,DIA,12/1/2010
TRV,DIA,12/1/2010
UTX,DIA,12/1/2010
VZ,DIA,12/1/2010
WMT,DIA,12/1/2010
XOM,DIA,12/1/2010
AA,DIA,1/3/2011
AXP,DIA,1/3/2011
BA,DIA,1/3/2011
BAC,DIA,1/3/2011
CAT,DIA,1/3/2011
CSCO,DIA,1/3/2011
CVX,DIA,1/3/2011
DD,DIA,1/3/2011
DIS,DIA,1/3/2011
GE,DIA,1/3/2011
HD,DIA,1/3/2011
HPQ,DIA,1/3/2011
IBM,DIA,1/3/2011
INTC,DIA,1/3/2011
JNJ,DIA,1/3/2011
JPM,DIA,1/3/2011
KO,DIA,1/3/2011
MCD,DIA,1/3/2011
MDLZ,DIA,1/3/2011
MMM,DIA,1/3/2011
MRK,DIA,1/3/2011
MSFT,DIA,1/3/2011
PFE,DIA,1/3/2011
PG,DIA,1/3/2011
T,DIA,1/3/2011
TRV,DIA,1/3/2011
UTX,DIA,1/3/2011
VZ,DIA,1/3/2011
WMT,DIA,1/3/2011
XOM,DIA,1/3/2011
AA,DIA,2/1/2011
AXP,DIA,2/1/2011
BA,DIA,2/1/2011
BAC,DIA,2/1/2011
CAT,DIA,2/1/2011
CSCO,DIA,2/1/2011
CVX,DIA,2/1/2011
DD,DIA,2/1/2011
DIS,DIA,2/1/2011
GE,DIA,2/1/2011
HD,DIA,2/1/2011
HPQ,DIA,2/1/2011
IBM,DIA,2/1/2011
INTC,DIA,2/1/2011
JNJ,DIA,2/1/2011
JPM,DIA,2/1/2011
KO,DIA,2/1/2011
MCD,DIA,2/1/2011
MDLZ,DIA,2/1/2011
MMM,DIA,2/1/2011
MRK,DIA,2/1/2011
MSFT,DIA,2/1/2011
PFE,DIA,2/1/2011
PG,DIA,2/1/2011
T,DIA,2/1/2011
TRV,DIA,2/1/2011
UTX,DIA,2/1/2011
VZ,DIA,2/1/2011
WMT,DIA,2/1/2011
XOM,DIA,2/1/2011
AA,DIA,3/1/2011
AXP,DIA,3/1/2011
BA,DIA,3/1/2011
BAC,DIA,3/1/2011
CAT,DIA,3/1/2011
CSCO,DIA,3/1/2011
CVX,DIA,3/1/2011
DD,DIA,3/1/2011
DIS,DIA,3/1/2011
GE,DIA,3/1/2011
HD,DIA,3/1/2011
HPQ,DIA,3/1/2011
IBM,DIA,3/1/2011
INTC,DIA,3/1/2011
JNJ,DIA,3/1/2011
JPM,DIA,3/1/2011
KO,DIA,3/1/2011
MCD,DIA,3/1/2011
MDLZ,DIA,3/1/2011
MMM,DIA,3/1/2011
MRK,DIA,3/1/2011
MSFT,DIA,3/1/2011
PFE,DIA,3/1/2011
PG,DIA,3/1/2011
T,DIA,3/1/2011
TRV,DIA,3/1/2011
UTX,DIA,3/1/2011
VZ,DIA,3/1/2011
WMT,DIA,3/1/2011
XOM,DIA,3/1/2011
AA,DIA,4/1/2011
AXP,DIA,4/1/2011
BA,DIA,4/1/2011
BAC,DIA,4/1/2011
CAT,DIA,4/1/2011
CSCO,DIA,4/1/2011
CVX,DIA,4/1/2011
DD,DIA,4/1/2011
DIS,DIA,4/1/2011
GE,DIA,4/1/2011
HD,DIA,4/1/2011
HPQ,DIA,4/1/2011
IBM,DIA,4/1/2011
INTC,DIA,4/1/2011
JNJ,DIA,4/1/2011
JPM,DIA,4/1/2011
KO,DIA,4/1/2011
MCD,DIA,4/1/2011
MDLZ,DIA,4/1/2011
MMM,DIA,4/1/2011
MRK,DIA,4/1/2011
MSFT,DIA,4/1/2011
PFE,DIA,4/1/2011
PG,DIA,4/1/2011
T,DIA,4/1/2011
TRV,DIA,4/1/2011
UTX,DIA,4/1/2011
VZ,DIA,4/1/2011
WMT,DIA,4/1/2011
XOM,DIA,4/1/2011
AA,DIA,5/2/2011
AXP,DIA,5/2/2011
BA,DIA,5/2/2011
BAC,DIA,5/2/2011
CAT,DIA,5/2/2011
CSCO,DIA,5/2/2011
CVX,DIA,5/2/2011
DD,DIA,5/2/2011
DIS,DIA,5/2/2011
GE,DIA,5/2/2011
HD,DIA,5/2/2011
HPQ,DIA,5/2/2011
IBM,DIA,5/2/2011
INTC,DIA,5/2/2011
JNJ,DIA,5/2/2011
JPM,DIA,5/2/2011
KO,DIA,5/2/2011
MCD,DIA,5/2/2011
MDLZ,DIA,5/2/2011
MMM,DIA,5/2/2011
MRK,DIA,5/2/2011
MSFT,DIA,5/2/2011
PFE,DIA,5/2/2011
PG,DIA,5/2/2011
T,DIA,5/2/2011
TRV,DIA,5/2/2011
UTX,DIA,5/2/2011
VZ,DIA,5/2/2011
WMT,DIA,5/2/2011
XOM,DIA,5/2/2011
AA,DIA,6/1/2011
AXP,DIA,6/1/2011
BA,DIA,6/1/2011
BAC,DIA,6/1/2011
CAT,DIA,6/1/2011
CSCO,DIA,6/1/2011
CVX,DIA,6/1/2011
DD,DIA,6/1/2011
DIS,DIA,6/1/2011
GE,DIA,6/1/2011
HD,DIA,6/1/2011
HPQ,DIA,6/1/2011
IBM,DIA,6/1/2011
INTC,DIA,6/1/2011
JNJ,DIA,6/1/2011
JPM,DIA,6/1/2011
KO,DIA,6/1/2011
MCD,DIA,6/1/2011
MDLZ,DIA,6/1/2011
MMM,DIA,6/1/2011
MRK,DIA,6/1/2011
MSFT,DIA,6/1/2011
PFE,DIA,6/1/2011
PG,DIA,6/1/2011
T,DIA,6/1/2011
TRV,DIA,6/1/2011
UTX,DIA,6/1/2011
VZ,DIA,6/1/2011
WMT,DIA,6/1/2011
XOM,DIA,6/1/2011
AA,DIA,7/1/2011
AXP,DIA,7/1/2011
BA,DIA,7/1/2011
BAC,DIA,7/1/2011
CAT,DIA,7/1/2011
CSCO,DIA,7/1/2011
CVX,DIA,7/1/2011
DD,DIA,7/1/2011
DIS,DIA,7/1/2011
GE,DIA,7/1/2011
HD,DIA,7/1/2011
HPQ,DIA,7/1/2011
IBM,DIA,7/1/2011
INTC,DIA,7/1/2011
JNJ,DIA,7/1/2011
JPM,DIA,7/1/2011
KO,DIA,7/1/2011
MCD,DIA,7/1/2011
MDLZ,DIA,7/1/2011
MMM,DIA,7/1/2011
MRK,DIA,7/1/2011
MSFT,DIA,7/1/2011
PFE,DIA,7/1/2011
PG,DIA,7/1/2011
T,DIA,7/1/2011
TRV,DIA,7/1/2011
UTX,DIA,7/1/2011
VZ,DIA,7/1/2011
WMT,DIA,7/1/2011
XOM,DIA,7/1/2011
AA,DIA,8/1/2011
AXP,DIA,8/1/2011
BA,DIA,8/1/2011
BAC,DIA,8/1/2011
CAT,DIA,8/1/2011
CSCO,DIA,8/1/2011
CVX,DIA,8/1/2011
DD,DIA,8/1/2011
DIS,DIA,8/1/2011
GE,DIA,8/1/2011
HD,DIA,8/1/2011
HPQ,DIA,8/1/2011
IBM,DIA,8/1/2011
INTC,DIA,8/1/2011
JNJ,DIA,8/1/2011
JPM,DIA,8/1/2011
KO,DIA,8/1/2011
MCD,DIA,8/1/2011
MDLZ,DIA,8/1/2011
MMM,DIA,8/1/2011
MRK,DIA,8/1/2011
MSFT,DIA,8/1/2011
PFE,DIA,8/1/2011
PG,DIA,8/1/2011
T,DIA,8/1/2011
TRV,DIA,8/1/2011
UTX,DIA,8/1/2011
VZ,DIA,8/1/2011
WMT,DIA,8/1/2011
XOM,DIA,8/1/2011
AA,DIA,9/1/2011
AXP,DIA,9/1/2011
BA,DIA,9/1/2011
BAC,DIA,9/1/2011
CAT,DIA,9/1/2011
CSCO,DIA,9/1/2011
CVX,DIA,9/1/2011
DD,DIA,9/1/2011
DIS,DIA,9/1/2011
GE,DIA,9/1/2011
HD,DIA,9/1/2011
HPQ,DIA,9/1/2011
IBM,DIA,9/1/2011
INTC,DIA,9/1/2011
JNJ,DIA,9/1/2011
JPM,DIA,9/1/2011
KO,DIA,9/1/2011
MCD,DIA,9/1/2011
MDLZ,DIA,9/1/2011
MMM,DIA,9/1/2011
MRK,DIA,9/1/2011
MSFT,DIA,9/1/2011
PFE,DIA,9/1/2011
PG,DIA,9/1/2011
T,DIA,9/1/2011
TRV,DIA,9/1/2011
UTX,DIA,9/1/2011
VZ,DIA,9/1/2011
WMT,DIA,9/1/2011
XOM,DIA,9/1/2011
AA,DIA,10/3/2011
AXP,DIA,10/3/2011
BA,DIA,10/3/2011
BAC,DIA,10/3/2011
CAT,DIA,10/3/2011
CSCO,DIA,10/3/2011
CVX,DIA,10/3/2011
DD,DIA,10/3/2011
DIS,DIA,10/3/2011
GE,DIA,10/3/2011
HD,DIA,10/3/2011
HPQ,DIA,10/3/2011
IBM,DIA,10/3/2011
INTC,DIA,10/3/2011
JNJ,DIA,10/3/2011
JPM,DIA,10/3/2011
KO,DIA,10/3/2011
MCD,DIA,10/3/2011
MDLZ,DIA,10/3/2011
MMM,DIA,10/3/2011
MRK,DIA,10/3/2011
MSFT,DIA,10/3/2011
PFE,DIA,10/3/2011
PG,DIA,10/3/2011
T,DIA,10/3/2011
TRV,DIA,10/3/2011
UTX,DIA,10/3/2011
VZ,DIA,10/3/2011
WMT,DIA,10/3/2011
XOM,DIA,10/3/2011
AA,DIA,11/1/2011
AXP,DIA,11/1/2011
BA,DIA,11/1/2011
BAC,DIA,11/1/2011
CAT,DIA,11/1/2011
CSCO,DIA,11/1/2011
CVX,DIA,11/1/2011
DD,DIA,11/1/2011
DIS,DIA,11/1/2011
GE,DIA,11/1/2011
HD,DIA,11/1/2011
HPQ,DIA,11/1/2011
IBM,DIA,11/1/2011
INTC,DIA,11/1/2011
JNJ,DIA,11/1/2011
JPM,DIA,11/1/2011
KO,DIA,11/1/2011
MCD,DIA,11/1/2011
MDLZ,DIA,11/1/2011
MMM,DIA,11/1/2011
MRK,DIA,11/1/2011
MSFT,DIA,11/1/2011
PFE,DIA,11/1/2011
PG,DIA,11/1/2011
T,DIA,11/1/2011
TRV,DIA,11/1/2011
UTX,DIA,11/1/2011
VZ,DIA,11/1/2011
WMT,DIA,11/1/2011
XOM,DIA,11/1/2011
AA,DIA,12/1/2011
AXP,DIA,12/1/2011
BA,DIA,12/1/2011
BAC,DIA,12/1/2011
CAT,DIA,12/1/2011
CSCO,DIA,12/1/2011
CVX,DIA,12/1/2011
DD,DIA,12/1/2011
DIS,DIA,12/1/2011
GE,DIA,12/1/2011
HD,DIA,12/1/2011
HPQ,DIA,12/1/2011
IBM,DIA,12/1/2011
INTC,DIA,12/1/2011
JNJ,DIA,12/1/2011
JPM,DIA,12/1/2011
KO,DIA,12/1/2011
MCD,DIA,12/1/2011
MDLZ,DIA,12/1/2011
MMM,DIA,12/1/2011
MRK,DIA,12/1/2011
MSFT,DIA,12/1/2011
PFE,DIA,12/1/2011
PG,DIA,12/1/2011
T,DIA,12/1/2011
TRV,DIA,12/1/2011
UTX,DIA,12/1/2011
VZ,DIA,12/1/2011
WMT,DIA,12/1/2011
XOM,DIA,12/1/2011
AA,DIA,1/3/2012
AXP,DIA,1/3/2012
BA,DIA,1/3/2012
BAC,DIA,1/3/2012
CAT,DIA,1/3/2012
CSCO,DIA,1/3/2012
CVX,DIA,1/3/2012
DD,DIA,1/3/2012
DIS,DIA,1/3/2012
GE,DIA,1/3/2012
HD,DIA,1/3/2012
HPQ,DIA,1/3/2012
IBM,DIA,1/3/2012
INTC,DIA,1/3/2012
JNJ,DIA,1/3/2012
JPM,DIA,1/3/2012
KO,DIA,1/3/2012
MCD,DIA,1/3/2012
MDLZ,DIA,1/3/2012
MMM,DIA,1/3/2012
MRK,DIA,1/3/2012
MSFT,DIA,1/3/2012
PFE,DIA,1/3/2012
PG,DIA,1/3/2012
T,DIA,1/3/2012
TRV,DIA,1/3/2012
UTX,DIA,1/3/2012
VZ,DIA,1/3/2012
WMT,DIA,1/3/2012
XOM,DIA,1/3/2012
AA,DIA,2/1/2012
AXP,DIA,2/1/2012
BA,DIA,2/1/2012
BAC,DIA,2/1/2012
CAT,DIA,2/1/2012
CSCO,DIA,2/1/2012
CVX,DIA,2/1/2012
DD,DIA,2/1/2012
DIS,DIA,2/1/2012
GE,DIA,2/1/2012
HD,DIA,2/1/2012
HPQ,DIA,2/1/2012
IBM,DIA,2/1/2012
INTC,DIA,2/1/2012
JNJ,DIA,2/1/2012
JPM,DIA,2/1/2012
KO,DIA,2/1/2012
MCD,DIA,2/1/2012
MDLZ,DIA,2/1/2012
MMM,DIA,2/1/2012
MRK,DIA,2/1/2012
MSFT,DIA,2/1/2012
PFE,DIA,2/1/2012
PG,DIA,2/1/2012
T,DIA,2/1/2012
TRV,DIA,2/1/2012
UTX,DIA,2/1/2012
VZ,DIA,2/1/2012
WMT,DIA,2/1/2012
XOM,DIA,2/1/2012
AA,DIA,3/1/2012
AXP,DIA,3/1/2012
BA,DIA,3/1/2012
BAC,DIA,3/1/2012
CAT,DIA,3/1/2012
CSCO,DIA,3/1/2012
CVX,DIA,3/1/2012
DD,DIA,3/1/2012
DIS,DIA,3/1/2012
GE,DIA,3/1/2012
HD,DIA,3/1/2012
HPQ,DIA,3/1/2012
IBM,DIA,3/1/2012
INTC,DIA,3/1/2012
JNJ,DIA,3/1/2012
JPM,DIA,3/1/2012
KO,DIA,3/1/2012
MCD,DIA,3/1/2012
MDLZ,DIA,3/1/2012
MMM,DIA,3/1/2012
MRK,DIA,3/1/2012
MSFT,DIA,3/1/2012
PFE,DIA,3/1/2012
PG,DIA,3/1/2012
T,DIA,3/1/2012
TRV,DIA,3/1/2012
UTX,DIA,3/1/2012
VZ,DIA,3/1/2012
WMT,DIA,3/1/2012
XOM,DIA,3/1/2012
AA,DIA,4/2/2012
AXP,DIA,4/2/2012
BA,DIA,4/2/2012
BAC,DIA,4/2/2012
CAT,DIA,4/2/2012
CSCO,DIA,4/2/2012
CVX,DIA,4/2/2012
DD,DIA,4/2/2012
DIS,DIA,4/2/2012
GE,DIA,4/2/2012
HD,DIA,4/2/2012
HPQ,DIA,4/2/2012
IBM,DIA,4/2/2012
INTC,DIA,4/2/2012
JNJ,DIA,4/2/2012
JPM,DIA,4/2/2012
KO,DIA,4/2/2012
MCD,DIA,4/2/2012
MDLZ,DIA,4/2/2012
MMM,DIA,4/2/2012
MRK,DIA,4/2/2012
MSFT,DIA,4/2/2012
PFE,DIA,4/2/2012
PG,DIA,4/2/2012
T,DIA,4/2/2012
TRV,DIA,4/2/2012
UTX,DIA,4/2/2012
VZ,DIA,4/2/2012
WMT,DIA,4/2/2012
XOM,DIA,4/2/2012
AA,DIA,5/1/2012
AXP,DIA,5/1/2012
BA,DIA,5/1/2012
BAC,DIA,5/1/2012
CAT,DIA,5/1/2012
CSCO,DIA,5/1/2012
CVX,DIA,5/1/2012
DD,DIA,5/1/2012
DIS,DIA,5/1/2012
GE,DIA,5/1/2012
HD,DIA,5/1/2012
HPQ,DIA,5/1/2012
IBM,DIA,5/1/2012
INTC,DIA,5/1/2012
JNJ,DIA,5/1/2012
JPM,DIA,5/1/2012
KO,DIA,5/1/2012
MCD,DIA,5/1/2012
MDLZ,DIA,5/1/2012
MMM,DIA,5/1/2012
MRK,DIA,5/1/2012
MSFT,DIA,5/1/2012
PFE,DIA,5/1/2012
PG,DIA,5/1/2012
T,DIA,5/1/2012
TRV,DIA,5/1/2012
UTX,DIA,5/1/2012
VZ,DIA,5/1/2012
WMT,DIA,5/1/2012
XOM,DIA,5/1/2012
AA,DIA,6/1/2012
AXP,DIA,6/1/2012
BA,DIA,6/1/2012
BAC,DIA,6/1/2012
CAT,DIA,6/1/2012
CSCO,DIA,6/1/2012
CVX,DIA,6/1/2012
DD,DIA,6/1/2012
DIS,DIA,6/1/2012
GE,DIA,6/1/2012
HD,DIA,6/1/2012
HPQ,DIA,6/1/2012
IBM,DIA,6/1/2012
INTC,DIA,6/1/2012
JNJ,DIA,6/1/2012
JPM,DIA,6/1/2012
KO,DIA,6/1/2012
MCD,DIA,6/1/2012
MDLZ,DIA,6/1/2012
MMM,DIA,6/1/2012
MRK,DIA,6/1/2012
MSFT,DIA,6/1/2012
PFE,DIA,6/1/2012
PG,DIA,6/1/2012
T,DIA,6/1/2012
TRV,DIA,6/1/2012
UTX,DIA,6/1/2012
VZ,DIA,6/1/2012
WMT,DIA,6/1/2012
XOM,DIA,6/1/2012
AA,DIA,7/2/2012
AXP,DIA,7/2/2012
BA,DIA,7/2/2012
BAC,DIA,7/2/2012
CAT,DIA,7/2/2012
CSCO,DIA,7/2/2012
CVX,DIA,7/2/2012
DD,DIA,7/2/2012
DIS,DIA,7/2/2012
GE,DIA,7/2/2012
HD,DIA,7/2/2012
HPQ,DIA,7/2/2012
IBM,DIA,7/2/2012
INTC,DIA,7/2/2012
JNJ,DIA,7/2/2012
JPM,DIA,7/2/2012
KO,DIA,7/2/2012
MCD,DIA,7/2/2012
MDLZ,DIA,7/2/2012
MMM,DIA,7/2/2012
MRK,DIA,7/2/2012
MSFT,DIA,7/2/2012
PFE,DIA,7/2/2012
PG,DIA,7/2/2012
T,DIA,7/2/2012
TRV,DIA,7/2/2012
UTX,DIA,7/2/2012
VZ,DIA,7/2/2012
WMT,DIA,7/2/2012
XOM,DIA,7/2/2012
AA,DIA,8/1/2012
AXP,DIA,8/1/2012
BA,DIA,8/1/2012
BAC,DIA,8/1/2012
CAT,DIA,8/1/2012
CSCO,DIA,8/1/2012
CVX,DIA,8/1/2012
DD,DIA,8/1/2012
DIS,DIA,8/1/2012
GE,DIA,8/1/2012
HD,DIA,8/1/2012
HPQ,DIA,8/1/2012
IBM,DIA,8/1/2012
INTC,DIA,8/1/2012
JNJ,DIA,8/1/2012
JPM,DIA,8/1/2012
KO,DIA,8/1/2012
MCD,DIA,8/1/2012
MDLZ,DIA,8/1/2012
MMM,DIA,8/1/2012
MRK,DIA,8/1/2012
MSFT,DIA,8/1/2012
PFE,DIA,8/1/2012
PG,DIA,8/1/2012
T,DIA,8/1/2012
TRV,DIA,8/1/2012
UTX,DIA,8/1/2012
VZ,DIA,8/1/2012
WMT,DIA,8/1/2012
XOM,DIA,8/1/2012
AA,DIA,9/4/2012
AXP,DIA,9/4/2012
BA,DIA,9/4/2012
BAC,DIA,9/4/2012
CAT,DIA,9/4/2012
CSCO,DIA,9/4/2012
CVX,DIA,9/4/2012
DD,DIA,9/4/2012
DIS,DIA,9/4/2012
GE,DIA,9/4/2012
HD,DIA,9/4/2012
HPQ,DIA,9/4/2012
IBM,DIA,9/4/2012
INTC,DIA,9/4/2012
JNJ,DIA,9/4/2012
JPM,DIA,9/4/2012
KO,DIA,9/4/2012
MCD,DIA,9/4/2012
MDLZ,DIA,9/4/2012
MMM,DIA,9/4/2012
MRK,DIA,9/4/2012
MSFT,DIA,9/4/2012
PFE,DIA,9/4/2012
PG,DIA,9/4/2012
T,DIA,9/4/2012
TRV,DIA,9/4/2012
UTX,DIA,9/4/2012
VZ,DIA,9/4/2012
WMT,DIA,9/4/2012
XOM,DIA,9/4/2012
AA,DIA,9/24/2012
AXP,DIA,9/24/2012
BA,DIA,9/24/2012
BAC,DIA,9/24/2012
CAT,DIA,9/24/2012
CSCO,DIA,9/24/2012
CVX,DIA,9/24/2012
DD,DIA,9/24/2012
DIS,DIA,9/24/2012
GE,DIA,9/24/2012
HD,DIA,9/24/2012
HPQ,DIA,9/24/2012
IBM,DIA,9/24/2012
INTC,DIA,9/24/2012
JNJ,DIA,9/24/2012
JPM,DIA,9/24/2012
KO,DIA,9/24/2012
MCD,DIA,9/24/2012
MMM,DIA,9/24/2012
MRK,DIA,9/24/2012
MSFT,DIA,9/24/2012
PFE,DIA,9/24/2012
PG,DIA,9/24/2012
T,DIA,9/24/2012
TRV,DIA,9/24/2012
UNH,DIA,9/24/2012
UTX,DIA,9/24/2012
VZ,DIA,9/24/2012
WMT,DIA,9/24/2012
XOM,DIA,9/24/2012
AA,DIA,10/1/2012
AXP,DIA,10/1/2012
BA,DIA,10/1/2012
BAC,DIA,10/1/2012
CAT,DIA,10/1/2012
CSCO,DIA,10/1/2012
CVX,DIA,10/1/2012
DD,DIA,10/1/2012
DIS,DIA,10/1/2012
GE,DIA,10/1/2012
HD,DIA,10/1/2012
HPQ,DIA,10/1/2012
IBM,DIA,10/1/2012
INTC,DIA,10/1/2012
JNJ,DIA,10/1/2012
JPM,DIA,10/1/2012
KO,DIA,10/1/2012
MCD,DIA,10/1/2012
MMM,DIA,10/1/2012
MRK,DIA,10/1/2012
MSFT,DIA,10/1/2012
PFE,DIA,10/1/2012
PG,DIA,10/1/2012
T,DIA,10/1/2012
TRV,DIA,10/1/2012
UNH,DIA,10/1/2012
UTX,DIA,10/1/2012
VZ,DIA,10/1/2012
WMT,DIA,10/1/2012
XOM,DIA,10/1/2012
AA,DIA,11/1/2012
AXP,DIA,11/1/2012
BA,DIA,11/1/2012
BAC,DIA,11/1/2012
CAT,DIA,11/1/2012
CSCO,DIA,11/1/2012
CVX,DIA,11/1/2012
DD,DIA,11/1/2012
DIS,DIA,11/1/2012
GE,DIA,11/1/2012
HD,DIA,11/1/2012
HPQ,DIA,11/1/2012
IBM,DIA,11/1/2012
INTC,DIA,11/1/2012
JNJ,DIA,11/1/2012
JPM,DIA,11/1/2012
KO,DIA,11/1/2012
MCD,DIA,11/1/2012
MMM,DIA,11/1/2012
MRK,DIA,11/1/2012
MSFT,DIA,11/1/2012
PFE,DIA,11/1/2012
PG,DIA,11/1/2012
T,DIA,11/1/2012
TRV,DIA,11/1/2012
UNH,DIA,11/1/2012
UTX,DIA,11/1/2012
VZ,DIA,11/1/2012
WMT,DIA,11/1/2012
XOM,DIA,11/1/2012
AA,DIA,12/3/2012
AXP,DIA,12/3/2012
BA,DIA,12/3/2012
BAC,DIA,12/3/2012
CAT,DIA,12/3/2012
CSCO,DIA,12/3/2012
CVX,DIA,12/3/2012
DD,DIA,12/3/2012
DIS,DIA,12/3/2012
GE,DIA,12/3/2012
HD,DIA,12/3/2012
HPQ,DIA,12/3/2012
IBM,DIA,12/3/2012
INTC,DIA,12/3/2012
JNJ,DIA,12/3/2012
JPM,DIA,12/3/2012
KO,DIA,12/3/2012
MCD,DIA,12/3/2012
MMM,DIA,12/3/2012
MRK,DIA,12/3/2012
MSFT,DIA,12/3/2012
PFE,DIA,12/3/2012
PG,DIA,12/3/2012
T,DIA,12/3/2012
TRV,DIA,12/3/2012
UNH,DIA,12/3/2012
UTX,DIA,12/3/2012
VZ,DIA,12/3/2012
WMT,DIA,12/3/2012
XOM,DIA,12/3/2012
AA,DIA,1/2/2013
AXP,DIA,1/2/2013
BA,DIA,1/2/2013
BAC,DIA,1/2/2013
CAT,DIA,1/2/2013
CSCO,DIA,1/2/2013
CVX,DIA,1/2/2013
DD,DIA,1/2/2013
DIS,DIA,1/2/2013
GE,DIA,1/2/2013
HD,DIA,1/2/2013
HPQ,DIA,1/2/2013
IBM,DIA,1/2/2013
INTC,DIA,1/2/2013
JNJ,DIA,1/2/2013
JPM,DIA,1/2/2013
KO,DIA,1/2/2013
MCD,DIA,1/2/2013
MMM,DIA,1/2/2013
MRK,DIA,1/2/2013
MSFT,DIA,1/2/2013
PFE,DIA,1/2/2013
PG,DIA,1/2/2013
T,DIA,1/2/2013
TRV,DIA,1/2/2013
UNH,DIA,1/2/2013
UTX,DIA,1/2/2013
VZ,DIA,1/2/2013
WMT,DIA,1/2/2013
XOM,DIA,1/2/2013
AA,DIA,2/1/2013
AXP,DIA,2/1/2013
BA,DIA,2/1/2013
BAC,DIA,2/1/2013
CAT,DIA,2/1/2013
CSCO,DIA,2/1/2013
CVX,DIA,2/1/2013
DD,DIA,2/1/2013
DIS,DIA,2/1/2013
GE,DIA,2/1/2013
HD,DIA,2/1/2013
HPQ,DIA,2/1/2013
IBM,DIA,2/1/2013
INTC,DIA,2/1/2013
JNJ,DIA,2/1/2013
JPM,DIA,2/1/2013
KO,DIA,2/1/2013
MCD,DIA,2/1/2013
MMM,DIA,2/1/2013
MRK,DIA,2/1/2013
MSFT,DIA,2/1/2013
PFE,DIA,2/1/2013
PG,DIA,2/1/2013
T,DIA,2/1/2013
TRV,DIA,2/1/2013
UNH,DIA,2/1/2013
UTX,DIA,2/1/2013
VZ,DIA,2/1/2013
WMT,DIA,2/1/2013
XOM,DIA,2/1/2013
AA,DIA,3/1/2013
AXP,DIA,3/1/2013
BA,DIA,3/1/2013
BAC,DIA,3/1/2013
CAT,DIA,3/1/2013
CSCO,DIA,3/1/2013
CVX,DIA,3/1/2013
DD,DIA,3/1/2013
DIS,DIA,3/1/2013
GE,DIA,3/1/2013
HD,DIA,3/1/2013
HPQ,DIA,3/1/2013
IBM,DIA,3/1/2013
INTC,DIA,3/1/2013
JNJ,DIA,3/1/2013
JPM,DIA,3/1/2013
KO,DIA,3/1/2013
MCD,DIA,3/1/2013
MMM,DIA,3/1/2013
MRK,DIA,3/1/2013
MSFT,DIA,3/1/2013
PFE,DIA,3/1/2013
PG,DIA,3/1/2013
T,DIA,3/1/2013
TRV,DIA,3/1/2013
UNH,DIA,3/1/2013
UTX,DIA,3/1/2013
VZ,DIA,3/1/2013
WMT,DIA,3/1/2013
XOM,DIA,3/1/2013
AA,DIA,4/1/2013
AXP,DIA,4/1/2013
BA,DIA,4/1/2013
BAC,DIA,4/1/2013
CAT,DIA,4/1/2013
CSCO,DIA,4/1/2013
CVX,DIA,4/1/2013
DD,DIA,4/1/2013
DIS,DIA,4/1/2013
GE,DIA,4/1/2013
HD,DIA,4/1/2013
HPQ,DIA,4/1/2013
IBM,DIA,4/1/2013
INTC,DIA,4/1/2013
JNJ,DIA,4/1/2013
JPM,DIA,4/1/2013
KO,DIA,4/1/2013
MCD,DIA,4/1/2013
MMM,DIA,4/1/2013
MRK,DIA,4/1/2013
MSFT,DIA,4/1/2013
PFE,DIA,4/1/2013
PG,DIA,4/1/2013
T,DIA,4/1/2013
TRV,DIA,4/1/2013
UNH,DIA,4/1/2013
UTX,DIA,4/1/2013
VZ,DIA,4/1/2013
WMT,DIA,4/1/2013
XOM,DIA,4/1/2013
AA,DIA,5/1/2013
AXP,DIA,5/1/2013
BA,DIA,5/1/2013
BAC,DIA,5/1/2013
CAT,DIA,5/1/2013
CSCO,DIA,5/1/2013
CVX,DIA,5/1/2013
DD,DIA,5/1/2013
DIS,DIA,5/1/2013
GE,DIA,5/1/2013
HD,DIA,5/1/2013
HPQ,DIA,5/1/2013
IBM,DIA,5/1/2013
INTC,DIA,5/1/2013
JNJ,DIA,5/1/2013
JPM,DIA,5/1/2013
KO,DIA,5/1/2013
MCD,DIA,5/1/2013
MMM,DIA,5/1/2013
MRK,DIA,5/1/2013
MSFT,DIA,5/1/2013
PFE,DIA,5/1/2013
PG,DIA,5/1/2013
T,DIA,5/1/2013
TRV,DIA,5/1/2013
UNH,DIA,5/1/2013
UTX,DIA,5/1/2013
VZ,DIA,5/1/2013
WMT,DIA,5/1/2013
XOM,DIA,5/1/2013
AA,DIA,6/3/2013
AXP,DIA,6/3/2013
BA,DIA,6/3/2013
BAC,DIA,6/3/2013
CAT,DIA,6/3/2013
CSCO,DIA,6/3/2013
CVX,DIA,6/3/2013
DD,DIA,6/3/2013
DIS,DIA,6/3/2013
GE,DIA,6/3/2013
HD,DIA,6/3/2013
HPQ,DIA,6/3/2013
IBM,DIA,6/3/2013
INTC,DIA,6/3/2013
JNJ,DIA,6/3/2013
JPM,DIA,6/3/2013
KO,DIA,6/3/2013
MCD,DIA,6/3/2013
MMM,DIA,6/3/2013
MRK,DIA,6/3/2013
MSFT,DIA,6/3/2013
PFE,DIA,6/3/2013
PG,DIA,6/3/2013
T,DIA,6/3/2013
TRV,DIA,6/3/2013
UNH,DIA,6/3/2013
UTX,DIA,6/3/2013
VZ,DIA,6/3/2013
WMT,DIA,6/3/2013
XOM,DIA,6/3/2013
AA,DIA,7/1/2013
AXP,DIA,7/1/2013
BA,DIA,7/1/2013
BAC,DIA,7/1/2013
CAT,DIA,7/1/2013
CSCO,DIA,7/1/2013
CVX,DIA,7/1/2013
DD,DIA,7/1/2013
DIS,DIA,7/1/2013
GE,DIA,7/1/2013
HD,DIA,7/1/2013
HPQ,DIA,7/1/2013
IBM,DIA,7/1/2013
INTC,DIA,7/1/2013
JNJ,DIA,7/1/2013
JPM,DIA,7/1/2013
KO,DIA,7/1/2013
MCD,DIA,7/1/2013
MMM,DIA,7/1/2013
MRK,DIA,7/1/2013
MSFT,DIA,7/1/2013
PFE,DIA,7/1/2013
PG,DIA,7/1/2013
T,DIA,7/1/2013
TRV,DIA,7/1/2013
UNH,DIA,7/1/2013
UTX,DIA,7/1/2013
VZ,DIA,7/1/2013
WMT,DIA,7/1/2013
XOM,DIA,7/1/2013
AA,DIA,8/1/2013
AXP,DIA,8/1/2013
BA,DIA,8/1/2013
BAC,DIA,8/1/2013
CAT,DIA,8/1/2013
CSCO,DIA,8/1/2013
CVX,DIA,8/1/2013
DD,DIA,8/1/2013
DIS,DIA,8/1/2013
GE,DIA,8/1/2013
HD,DIA,8/1/2013
HPQ,DIA,8/1/2013
IBM,DIA,8/1/2013
INTC,DIA,8/1/2013
JNJ,DIA,8/1/2013
JPM,DIA,8/1/2013
KO,DIA,8/1/2013
MCD,DIA,8/1/2013
MMM,DIA,8/1/2013
MRK,DIA,8/1/2013
MSFT,DIA,8/1/2013
PFE,DIA,8/1/2013
PG,DIA,8/1/2013
T,DIA,8/1/2013
TRV,DIA,8/1/2013
UNH,DIA,8/1/2013
UTX,DIA,8/1/2013
VZ,DIA,8/1/2013
WMT,DIA,8/1/2013
XOM,DIA,8/1/2013
AA,DIA,9/3/2013
AXP,DIA,9/3/2013
BA,DIA,9/3/2013
BAC,DIA,9/3/2013
CAT,DIA,9/3/2013
CSCO,DIA,9/3/2013
CVX,DIA,9/3/2013
DD,DIA,9/3/2013
DIS,DIA,9/3/2013
GE,DIA,9/3/2013
HD,DIA,9/3/2013
HPQ,DIA,9/3/2013
IBM,DIA,9/3/2013
INTC,DIA,9/3/2013
JNJ,DIA,9/3/2013
JPM,DIA,9/3/2013
KO,DIA,9/3/2013
MCD,DIA,9/3/2013
MMM,DIA,9/3/2013
MRK,DIA,9/3/2013
MSFT,DIA,9/3/2013
PFE,DIA,9/3/2013
PG,DIA,9/3/2013
T,DIA,9/3/2013
TRV,DIA,9/3/2013
UNH,DIA,9/3/2013
UTX,DIA,9/3/2013
VZ,DIA,9/3/2013
WMT,DIA,9/3/2013
XOM,DIA,9/3/2013
AXP,DIA,9/23/2013
BA,DIA,9/23/2013
CAT,DIA,9/23/2013
CSCO,DIA,9/23/2013
CVX,DIA,9/23/2013
DD,DIA,9/23/2013
DIS,DIA,9/23/2013
GE,DIA,9/23/2013
GS,DIA,9/23/2013
HD,DIA,9/23/2013
IBM,DIA,9/23/2013
INTC,DIA,9/23/2013
JNJ,DIA,9/23/2013
JPM,DIA,9/23/2013
KO,DIA,9/23/2013
MCD,DIA,9/23/2013
MMM,DIA,9/23/2013
MRK,DIA,9/23/2013
MSFT,DIA,9/23/2013
NKE,DIA,9/23/2013
PFE,DIA,9/23/2013
PG,DIA,9/23/2013
T,DIA,9/23/2013
TRV,DIA,9/23/2013
UNH,DIA,9/23/2013
UTX,DIA,9/23/2013
V,DIA,9/23/2013
VZ,DIA,9/23/2013
WMT,DIA,9/23/2013
XOM,DIA,9/23/2013
AXP,DIA,10/1/2013
BA,DIA,10/1/2013
CAT,DIA,10/1/2013
CSCO,DIA,10/1/2013
CVX,DIA,10/1/2013
DD,DIA,10/1/2013
DIS,DIA,10/1/2013
GE,DIA,10/1/2013
GS,DIA,10/1/2013
HD,DIA,10/1/2013
IBM,DIA,10/1/2013
INTC,DIA,10/1/2013
JNJ,DIA,10/1/2013
JPM,DIA,10/1/2013
KO,DIA,10/1/2013
MCD,DIA,10/1/2013
MMM,DIA,10/1/2013
MRK,DIA,10/1/2013
MSFT,DIA,10/1/2013
NKE,DIA,10/1/2013
PFE,DIA,10/1/2013
PG,DIA,10/1/2013
T,DIA,10/1/2013
TRV,DIA,10/1/2013
UNH,DIA,10/1/2013
UTX,DIA,10/1/2013
V,DIA,10/1/2013
VZ,DIA,10/1/2013
WMT,DIA,10/1/2013
XOM,DIA,10/1/2013
AXP,DIA,11/1/2013
BA,DIA,11/1/2013
CAT,DIA,11/1/2013
CSCO,DIA,11/1/2013
CVX,DIA,11/1/2013
DD,DIA,11/1/2013
DIS,DIA,11/1/2013
GE,DIA,11/1/2013
GS,DIA,11/1/2013
HD,DIA,11/1/2013
IBM,DIA,11/1/2013
INTC,DIA,11/1/2013
JNJ,DIA,11/1/2013
JPM,DIA,11/1/2013
KO,DIA,11/1/2013
MCD,DIA,11/1/2013
MMM,DIA,11/1/2013
MRK,DIA,11/1/2013
MSFT,DIA,11/1/2013
NKE,DIA,11/1/2013
PFE,DIA,11/1/2013
PG,DIA,11/1/2013
T,DIA,11/1/2013
TRV,DIA,11/1/2013
UNH,DIA,11/1/2013
UTX,DIA,11/1/2013
V,DIA,11/1/2013
VZ,DIA,11/1/2013
WMT,DIA,11/1/2013
XOM,DIA,11/1/2013
AXP,DIA,12/2/2013
BA,DIA,12/2/2013
CAT,DIA,12/2/2013
CSCO,DIA,12/2/2013
CVX,DIA,12/2/2013
DD,DIA,12/2/2013
DIS,DIA,12/2/2013
GE,DIA,12/2/2013
GS,DIA,12/2/2013
HD,DIA,12/2/2013
IBM,DIA,12/2/2013
INTC,DIA,12/2/2013
JNJ,DIA,12/2/2013
JPM,DIA,12/2/2013
KO,DIA,12/2/2013
MCD,DIA,12/2/2013
MMM,DIA,12/2/2013
MRK,DIA,12/2/2013
MSFT,DIA,12/2/2013
NKE,DIA,12/2/2013
PFE,DIA,12/2/2013
PG,DIA,12/2/2013
T,DIA,12/2/2013
TRV,DIA,12/2/2013
UNH,DIA,12/2/2013
UTX,DIA,12/2/2013
V,DIA,12/2/2013
VZ,DIA,12/2/2013
WMT,DIA,12/2/2013
XOM,DIA,12/2/2013
AXP,DIA,1/2/2014
BA,DIA,1/2/2014
CAT,DIA,1/2/2014
CSCO,DIA,1/2/2014
CVX,DIA,1/2/2014
DD,DIA,1/2/2014
DIS,DIA,1/2/2014
GE,DIA,1/2/2014
GS,DIA,1/2/2014
HD,DIA,1/2/2014
IBM,DIA,1/2/2014
INTC,DIA,1/2/2014
JNJ,DIA,1/2/2014
JPM,DIA,1/2/2014
KO,DIA,1/2/2014
MCD,DIA,1/2/2014
MMM,DIA,1/2/2014
MRK,DIA,1/2/2014
MSFT,DIA,1/2/2014
NKE,DIA,1/2/2014
PFE,DIA,1/2/2014
PG,DIA,1/2/2014
T,DIA,1/2/2014
TRV,DIA,1/2/2014
UNH,DIA,1/2/2014
UTX,DIA,1/2/2014
V,DIA,1/2/2014
VZ,DIA,1/2/2014
WMT,DIA,1/2/2014
XOM,DIA,1/2/2014
AXP,DIA,2/3/2014
BA,DIA,2/3/2014
CAT,DIA,2/3/2014
CSCO,DIA,2/3/2014
CVX,DIA,2/3/2014
DD,DIA,2/3/2014
DIS,DIA,2/3/2014
GE,DIA,2/3/2014
GS,DIA,2/3/2014
HD,DIA,2/3/2014
IBM,DIA,2/3/2014
INTC,DIA,2/3/2014
JNJ,DIA,2/3/2014
JPM,DIA,2/3/2014
KO,DIA,2/3/2014
MCD,DIA,2/3/2014
MMM,DIA,2/3/2014
MRK,DIA,2/3/2014
MSFT,DIA,2/3/2014
NKE,DIA,2/3/2014
PFE,DIA,2/3/2014
PG,DIA,2/3/2014
T,DIA,2/3/2014
TRV,DIA,2/3/2014
UNH,DIA,2/3/2014
UTX,DIA,2/3/2014
V,DIA,2/3/2014
VZ,DIA,2/3/2014
WMT,DIA,2/3/2014
XOM,DIA,2/3/2014
AXP,DIA,3/3/2014
BA,DIA,3/3/2014
CAT,DIA,3/3/2014
CSCO,DIA,3/3/2014
CVX,DIA,3/3/2014
DD,DIA,3/3/2014
DIS,DIA,3/3/2014
GE,DIA,3/3/2014
GS,DIA,3/3/2014
HD,DIA,3/3/2014
IBM,DIA,3/3/2014
INTC,DIA,3/3/2014
JNJ,DIA,3/3/2014
JPM,DIA,3/3/2014
KO,DIA,3/3/2014
MCD,DIA,3/3/2014
MMM,DIA,3/3/2014
MRK,DIA,3/3/2014
MSFT,DIA,3/3/2014
NKE,DIA,3/3/2014
PFE,DIA,3/3/2014
PG,DIA,3/3/2014
T,DIA,3/3/2014
TRV,DIA,3/3/2014
UNH,DIA,3/3/2014
UTX,DIA,3/3/2014
V,DIA,3/3/2014
VZ,DIA,3/3/2014
WMT,DIA,3/3/2014
XOM,DIA,3/3/2014
AXP,DIA,4/1/2014
BA,DIA,4/1/2014
CAT,DIA,4/1/2014
CSCO,DIA,4/1/2014
CVX,DIA,4/1/2014
DD,DIA,4/1/2014
DIS,DIA,4/1/2014
GE,DIA,4/1/2014
GS,DIA,4/1/2014
HD,DIA,4/1/2014
IBM,DIA,4/1/2014
INTC,DIA,4/1/2014
JNJ,DIA,4/1/2014
JPM,DIA,4/1/2014
KO,DIA,4/1/2014
MCD,DIA,4/1/2014
MMM,DIA,4/1/2014
MRK,DIA,4/1/2014
MSFT,DIA,4/1/2014
NKE,DIA,4/1/2014
PFE,DIA,4/1/2014
PG,DIA,4/1/2014
T,DIA,4/1/2014
TRV,DIA,4/1/2014
UNH,DIA,4/1/2014
UTX,DIA,4/1/2014
V,DIA,4/1/2014
VZ,DIA,4/1/2014
WMT,DIA,4/1/2014
XOM,DIA,4/1/2014
AXP,DIA,5/1/2014
BA,DIA,5/1/2014
CAT,DIA,5/1/2014
CSCO,DIA,5/1/2014
CVX,DIA,5/1/2014
DD,DIA,5/1/2014
DIS,DIA,5/1/2014
GE,DIA,5/1/2014
GS,DIA,5/1/2014
HD,DIA,5/1/2014
IBM,DIA,5/1/2014
INTC,DIA,5/1/2014
JNJ,DIA,5/1/2014
JPM,DIA,5/1/2014
KO,DIA,5/1/2014
MCD,DIA,5/1/2014
MMM,DIA,5/1/2014
MRK,DIA,5/1/2014
MSFT,DIA,5/1/2014
NKE,DIA,5/1/2014
PFE,DIA,5/1/2014
PG,DIA,5/1/2014
T,DIA,5/1/2014
TRV,DIA,5/1/2014
UNH,DIA,5/1/2014
UTX,DIA,5/1/2014
V,DIA,5/1/2014
VZ,DIA,5/1/2014
WMT,DIA,5/1/2014
XOM,DIA,5/1/2014
AXP,DIA,6/2/2014
BA,DIA,6/2/2014
CAT,DIA,6/2/2014
CSCO,DIA,6/2/2014
CVX,DIA,6/2/2014
DD,DIA,6/2/2014
DIS,DIA,6/2/2014
GE,DIA,6/2/2014
GS,DIA,6/2/2014
HD,DIA,6/2/2014
IBM,DIA,6/2/2014
INTC,DIA,6/2/2014
JNJ,DIA,6/2/2014
JPM,DIA,6/2/2014
KO,DIA,6/2/2014
MCD,DIA,6/2/2014
MMM,DIA,6/2/2014
MRK,DIA,6/2/2014
MSFT,DIA,6/2/2014
NKE,DIA,6/2/2014
PFE,DIA,6/2/2014
PG,DIA,6/2/2014
T,DIA,6/2/2014
TRV,DIA,6/2/2014
UNH,DIA,6/2/2014
UTX,DIA,6/2/2014
V,DIA,6/2/2014
VZ,DIA,6/2/2014
WMT,DIA,6/2/2014
XOM,DIA,6/2/2014
AXP,DIA,7/1/2014
BA,DIA,7/1/2014
CAT,DIA,7/1/2014
CSCO,DIA,7/1/2014
CVX,DIA,7/1/2014
DD,DIA,7/1/2014
DIS,DIA,7/1/2014
GE,DIA,7/1/2014
GS,DIA,7/1/2014
HD,DIA,7/1/2014
IBM,DIA,7/1/2014
INTC,DIA,7/1/2014
JNJ,DIA,7/1/2014
JPM,DIA,7/1/2014
KO,DIA,7/1/2014
MCD,DIA,7/1/2014
MMM,DIA,7/1/2014
MRK,DIA,7/1/2014
MSFT,DIA,7/1/2014
NKE,DIA,7/1/2014
PFE,DIA,7/1/2014
PG,DIA,7/1/2014
T,DIA,7/1/2014
TRV,DIA,7/1/2014
UNH,DIA,7/1/2014
UTX,DIA,7/1/2014
V,DIA,7/1/2014
VZ,DIA,7/1/2014
WMT,DIA,7/1/2014
XOM,DIA,7/1/2014
AXP,DIA,8/1/2014
BA,DIA,8/1/2014
CAT,DIA,8/1/2014
CSCO,DIA,8/1/2014
CVX,DIA,8/1/2014
DD,DIA,8/1/2014
DIS,DIA,8/1/2014
GE,DIA,8/1/2014
GS,DIA,8/1/2014
HD,DIA,8/1/2014
IBM,DIA,8/1/2014
INTC,DIA,8/1/2014
JNJ,DIA,8/1/2014
JPM,DIA,8/1/2014
KO,DIA,8/1/2014
MCD,DIA,8/1/2014
MMM,DIA,8/1/2014
MRK,DIA,8/1/2014
MSFT,DIA,8/1/2014
NKE,DIA,8/1/2014
PFE,DIA,8/1/2014
PG,DIA,8/1/2014
T,DIA,8/1/2014
TRV,DIA,8/1/2014
UNH,DIA,8/1/2014
UTX,DIA,8/1/2014
V,DIA,8/1/2014
VZ,DIA,8/1/2014
WMT,DIA,8/1/2014
XOM,DIA,8/1/2014
AXP,DIA,9/2/2014
BA,DIA,9/2/2014
CAT,DIA,9/2/2014
CSCO,DIA,9/2/2014
CVX,DIA,9/2/2014
DD,DIA,9/2/2014
DIS,DIA,9/2/2014
GE,DIA,9/2/2014
GS,DIA,9/2/2014
HD,DIA,9/2/2014
IBM,DIA,9/2/2014
INTC,DIA,9/2/2014
JNJ,DIA,9/2/2014
JPM,DIA,9/2/2014
KO,DIA,9/2/2014
MCD,DIA,9/2/2014
MMM,DIA,9/2/2014
MRK,DIA,9/2/2014
MSFT,DIA,9/2/2014
NKE,DIA,9/2/2014
PFE,DIA,9/2/2014
PG,DIA,9/2/2014
T,DIA,9/2/2014
TRV,DIA,9/2/2014
UNH,DIA,9/2/2014
UTX,DIA,9/2/2014
V,DIA,9/2/2014
VZ,DIA,9/2/2014
WMT,DIA,9/2/2014
XOM,DIA,9/2/2014
AXP,DIA,10/1/2014
BA,DIA,10/1/2014
CAT,DIA,10/1/2014
CSCO,DIA,10/1/2014
CVX,DIA,10/1/2014
DD,DIA,10/1/2014
DIS,DIA,10/1/2014
GE,DIA,10/1/2014
GS,DIA,10/1/2014
HD,DIA,10/1/2014
IBM,DIA,10/1/2014
INTC,DIA,10/1/2014
JNJ,DIA,10/1/2014
JPM,DIA,10/1/2014
KO,DIA,10/1/2014
MCD,DIA,10/1/2014
MMM,DIA,10/1/2014
MRK,DIA,10/1/2014
MSFT,DIA,10/1/2014
NKE,DIA,10/1/2014
PFE,DIA,10/1/2014
PG,DIA,10/1/2014
T,DIA,10/1/2014
TRV,DIA,10/1/2014
UNH,DIA,10/1/2014
UTX,DIA,10/1/2014
V,DIA,10/1/2014
VZ,DIA,10/1/2014
WMT,DIA,10/1/2014
XOM,DIA,10/1/2014
AXP,DIA,11/3/2014
BA,DIA,11/3/2014
CAT,DIA,11/3/2014
CSCO,DIA,11/3/2014
CVX,DIA,11/3/2014
DD,DIA,11/3/2014
DIS,DIA,11/3/2014
GE,DIA,11/3/2014
GS,DIA,11/3/2014
HD,DIA,11/3/2014
IBM,DIA,11/3/2014
INTC,DIA,11/3/2014
JNJ,DIA,11/3/2014
JPM,DIA,11/3/2014
KO,DIA,11/3/2014
MCD,DIA,11/3/2014
MMM,DIA,11/3/2014
MRK,DIA,11/3/2014
MSFT,DIA,11/3/2014
NKE,DIA,11/3/2014
PFE,DIA,11/3/2014
PG,DIA,11/3/2014
T,DIA,11/3/2014
TRV,DIA,11/3/2014
UNH,DIA,11/3/2014
UTX,DIA,11/3/2014
V,DIA,11/3/2014
VZ,DIA,11/3/2014
WMT,DIA,11/3/2014
XOM,DIA,11/3/2014
AXP,DIA,12/1/2014
BA,DIA,12/1/2014
CAT,DIA,12/1/2014
CSCO,DIA,12/1/2014
CVX,DIA,12/1/2014
DD,DIA,12/1/2014
DIS,DIA,12/1/2014
GE,DIA,12/1/2014
GS,DIA,12/1/2014
HD,DIA,12/1/2014
IBM,DIA,12/1/2014
INTC,DIA,12/1/2014
JNJ,DIA,12/1/2014
JPM,DIA,12/1/2014
KO,DIA,12/1/2014
MCD,DIA,12/1/2014
MMM,DIA,12/1/2014
MRK,DIA,12/1/2014
MSFT,DIA,12/1/2014
NKE,DIA,12/1/2014
PFE,DIA,12/1/2014
PG,DIA,12/1/2014
T,DIA,12/1/2014
TRV,DIA,12/1/2014
UNH,DIA,12/1/2014
UTX,DIA,12/1/2014
V,DIA,12/1/2014
VZ,DIA,12/1/2014
WMT,DIA,12/1/2014
XOM,DIA,12/1/2014
AXP,DIA,1/2/2015
BA,DIA,1/2/2015
CAT,DIA,1/2/2015
CSCO,DIA,1/2/2015
CVX,DIA,1/2/2015
DD,DIA,1/2/2015
DIS,DIA,1/2/2015
GE,DIA,1/2/2015
GS,DIA,1/2/2015
HD,DIA,1/2/2015
IBM,DIA,1/2/2015
INTC,DIA,1/2/2015
JNJ,DIA,1/2/2015
JPM,DIA,1/2/2015
KO,DIA,1/2/2015
MCD,DIA,1/2/2015
MMM,DIA,1/2/2015
MRK,DIA,1/2/2015
MSFT,DIA,1/2/2015
NKE,DIA,1/2/2015
PFE,DIA,1/2/2015
PG,DIA,1/2/2015
T,DIA,1/2/2015
TRV,DIA,1/2/2015
UNH,DIA,1/2/2015
UTX,DIA,1/2/2015
V,DIA,1/2/2015
VZ,DIA,1/2/2015
WMT,DIA,1/2/2015
XOM,DIA,1/2/2015
AXP,DIA,2/2/2015
BA,DIA,2/2/2015
CAT,DIA,2/2/2015
CSCO,DIA,2/2/2015
CVX,DIA,2/2/2015
DD,DIA,2/2/2015
DIS,DIA,2/2/2015
GE,DIA,2/2/2015
GS,DIA,2/2/2015
HD,DIA,2/2/2015
IBM,DIA,2/2/2015
INTC,DIA,2/2/2015
JNJ,DIA,2/2/2015
JPM,DIA,2/2/2015
KO,DIA,2/2/2015
MCD,DIA,2/2/2015
MMM,DIA,2/2/2015
MRK,DIA,2/2/2015
MSFT,DIA,2/2/2015
NKE,DIA,2/2/2015
PFE,DIA,2/2/2015
PG,DIA,2/2/2015
T,DIA,2/2/2015
TRV,DIA,2/2/2015
UNH,DIA,2/2/2015
UTX,DIA,2/2/2015
V,DIA,2/2/2015
VZ,DIA,2/2/2015
WMT,DIA,2/2/2015
XOM,DIA,2/2/2015
AXP,DIA,3/2/2015
BA,DIA,3/2/2015
CAT,DIA,3/2/2015
CSCO,DIA,3/2/2015
CVX,DIA,3/2/2015
DD,DIA,3/2/2015
DIS,DIA,3/2/2015
GE,DIA,3/2/2015
GS,DIA,3/2/2015
HD,DIA,3/2/2015
IBM,DIA,3/2/2015
INTC,DIA,3/2/2015
JNJ,DIA,3/2/2015
JPM,DIA,3/2/2015
KO,DIA,3/2/2015
MCD,DIA,3/2/2015
MMM,DIA,3/2/2015
MRK,DIA,3/2/2015
MSFT,DIA,3/2/2015
NKE,DIA,3/2/2015
PFE,DIA,3/2/2015
PG,DIA,3/2/2015
T,DIA,3/2/2015
TRV,DIA,3/2/2015
UNH,DIA,3/2/2015
UTX,DIA,3/2/2015
V,DIA,3/2/2015
VZ,DIA,3/2/2015
WMT,DIA,3/2/2015
XOM,DIA,3/2/2015
AAPL,DIA,3/19/2015
AXP,DIA,3/19/2015
BA,DIA,3/19/2015
CAT,DIA,3/19/2015
CSCO,DIA,3/19/2015
CVX,DIA,3/19/2015
DD,DIA,3/19/2015
DIS,DIA,3/19/2015
GE,DIA,3/19/2015
GS,DIA,3/19/2015
HD,DIA,3/19/2015
IBM,DIA,3/19/2015
INTC,DIA,3/19/2015
JNJ,DIA,3/19/2015
JPM,DIA,3/19/2015
KO,DIA,3/19/2015
MCD,DIA,3/19/2015
MMM,DIA,3/19/2015
MRK,DIA,3/19/2015
MSFT,DIA,3/19/2015
NKE,DIA,3/19/2015
PFE,DIA,3/19/2015
PG,DIA,3/19/2015
TRV,DIA,3/19/2015
UNH,DIA,3/19/2015
UTX,DIA,3/19/2015
V,DIA,3/19/2015
VZ,DIA,3/19/2015
WMT,DIA,3/19/2015
XOM,DIA,3/19/2015
AAPL,DIA,4/1/2015
AXP,DIA,4/1/2015
BA,DIA,4/1/2015
CAT,DIA,4/1/2015
CSCO,DIA,4/1/2015
CVX,DIA,4/1/2015
DD,DIA,4/1/2015
DIS,DIA,4/1/2015
GE,DIA,4/1/2015
GS,DIA,4/1/2015
HD,DIA,4/1/2015
IBM,DIA,4/1/2015
INTC,DIA,4/1/2015
JNJ,DIA,4/1/2015
JPM,DIA,4/1/2015
KO,DIA,4/1/2015
MCD,DIA,4/1/2015
MMM,DIA,4/1/2015
MRK,DIA,4/1/2015
MSFT,DIA,4/1/2015
NKE,DIA,4/1/2015
PFE,DIA,4/1/2015
PG,DIA,4/1/2015
TRV,DIA,4/1/2015
UNH,DIA,4/1/2015
UTX,DIA,4/1/2015
V,DIA,4/1/2015
VZ,DIA,4/1/2015
WMT,DIA,4/1/2015
XOM,DIA,4/1/2015
AAPL,DIA,5/1/2015
AXP,DIA,5/1/2015
BA,DIA,5/1/2015
CAT,DIA,5/1/2015
CSCO,DIA,5/1/2015
CVX,DIA,5/1/2015
DD,DIA,5/1/2015
DIS,DIA,5/1/2015
GE,DIA,5/1/2015
GS,DIA,5/1/2015
HD,DIA,5/1/2015
IBM,DIA,5/1/2015
INTC,DIA,5/1/2015
JNJ,DIA,5/1/2015
JPM,DIA,5/1/2015
KO,DIA,5/1/2015
MCD,DIA,5/1/2015
MMM,DIA,5/1/2015
MRK,DIA,5/1/2015
MSFT,DIA,5/1/2015
NKE,DIA,5/1/2015
PFE,DIA,5/1/2015
PG,DIA,5/1/2015
TRV,DIA,5/1/2015
UNH,DIA,5/1/2015
UTX,DIA,5/1/2015
V,DIA,5/1/2015
VZ,DIA,5/1/2015
WMT,DIA,5/1/2015
XOM,DIA,5/1/2015
AAPL,DIA,6/1/2015
AXP,DIA,6/1/2015
BA,DIA,6/1/2015
CAT,DIA,6/1/2015
CSCO,DIA,6/1/2015
CVX,DIA,6/1/2015
DD,DIA,6/1/2015
DIS,DIA,6/1/2015
GE,DIA,6/1/2015
GS,DIA,6/1/2015
HD,DIA,6/1/2015
IBM,DIA,6/1/2015
INTC,DIA,6/1/2015
JNJ,DIA,6/1/2015
JPM,DIA,6/1/2015
KO,DIA,6/1/2015
MCD,DIA,6/1/2015
MMM,DIA,6/1/2015
MRK,DIA,6/1/2015
MSFT,DIA,6/1/2015
NKE,DIA,6/1/2015
PFE,DIA,6/1/2015
PG,DIA,6/1/2015
TRV,DIA,6/1/2015
UNH,DIA,6/1/2015
UTX,DIA,6/1/2015
V,DIA,6/1/2015
VZ,DIA,6/1/2015
WMT,DIA,6/1/2015
XOM,DIA,6/1/2015
AAPL,DIA,7/1/2015
AXP,DIA,7/1/2015
BA,DIA,7/1/2015
CAT,DIA,7/1/2015
CSCO,DIA,7/1/2015
CVX,DIA,7/1/2015
DD,DIA,7/1/2015
DIS,DIA,7/1/2015
GE,DIA,7/1/2015
GS,DIA,7/1/2015
HD,DIA,7/1/2015
IBM,DIA,7/1/2015
INTC,DIA,7/1/2015
JNJ,DIA,7/1/2015
JPM,DIA,7/1/2015
KO,DIA,7/1/2015
MCD,DIA,7/1/2015
MMM,DIA,7/1/2015
MRK,DIA,7/1/2015
MSFT,DIA,7/1/2015
NKE,DIA,7/1/2015
PFE,DIA,7/1/2015
PG,DIA,7/1/2015
TRV,DIA,7/1/2015
UNH,DIA,7/1/2015
UTX,DIA,7/1/2015
V,DIA,7/1/2015
VZ,DIA,7/1/2015
WMT,DIA,7/1/2015
XOM,DIA,7/1/2015
AAPL,DIA,8/3/2015
AXP,DIA,8/3/2015
BA,DIA,8/3/2015
CAT,DIA,8/3/2015
CSCO,DIA,8/3/2015
CVX,DIA,8/3/2015
DD,DIA,8/3/2015
DIS,DIA,8/3/2015
GE,DIA,8/3/2015
GS,DIA,8/3/2015
HD,DIA,8/3/2015
IBM,DIA,8/3/2015
INTC,DIA,8/3/2015
JNJ,DIA,8/3/2015
JPM,DIA,8/3/2015
KO,DIA,8/3/2015
MCD,DIA,8/3/2015
MMM,DIA,8/3/2015
MRK,DIA,8/3/2015
MSFT,DIA,8/3/2015
NKE,DIA,8/3/2015
PFE,DIA,8/3/2015
PG,DIA,8/3/2015
TRV,DIA,8/3/2015
UNH,DIA,8/3/2015
UTX,DIA,8/3/2015
V,DIA,8/3/2015
VZ,DIA,8/3/2015
WMT,DIA,8/3/2015
XOM,DIA,8/3/2015
AAPL,DIA,9/1/2015
AXP,DIA,9/1/2015
BA,DIA,9/1/2015
CAT,DIA,9/1/2015
CSCO,DIA,9/1/2015
CVX,DIA,9/1/2015
DD,DIA,9/1/2015
DIS,DIA,9/1/2015
GE,DIA,9/1/2015
GS,DIA,9/1/2015
HD,DIA,9/1/2015
IBM,DIA,9/1/2015
INTC,DIA,9/1/2015
JNJ,DIA,9/1/2015
JPM,DIA,9/1/2015
KO,DIA,9/1/2015
MCD,DIA,9/1/2015
MMM,DIA,9/1/2015
MRK,DIA,9/1/2015
MSFT,DIA,9/1/2015
NKE,DIA,9/1/2015
PFE,DIA,9/1/2015
PG,DIA,9/1/2015
TRV,DIA,9/1/2015
UNH,DIA,9/1/2015
UTX,DIA,9/1/2015
V,DIA,9/1/2015
VZ,DIA,9/1/2015
WMT,DIA,9/1/2015
XOM,DIA,9/1/2015
AAPL,DIA,10/1/2015
AXP,DIA,10/1/2015
BA,DIA,10/1/2015
CAT,DIA,10/1/2015
CSCO,DIA,10/1/2015
CVX,DIA,10/1/2015
DD,DIA,10/1/2015
DIS,DIA,10/1/2015
GE,DIA,10/1/2015
GS,DIA,10/1/2015
HD,DIA,10/1/2015
IBM,DIA,10/1/2015
INTC,DIA,10/1/2015
JNJ,DIA,10/1/2015
JPM,DIA,10/1/2015
KO,DIA,10/1/2015
MCD,DIA,10/1/2015
MMM,DIA,10/1/2015
MRK,DIA,10/1/2015
MSFT,DIA,10/1/2015
NKE,DIA,10/1/2015
PFE,DIA,10/1/2015
PG,DIA,10/1/2015
TRV,DIA,10/1/2015
UNH,DIA,10/1/2015
UTX,DIA,10/1/2015
V,DIA,10/1/2015
VZ,DIA,10/1/2015
WMT,DIA,10/1/2015
XOM,DIA,10/1/2015
AAPL,DIA,11/2/2015
AXP,DIA,11/2/2015
BA,DIA,11/2/2015
CAT,DIA,11/2/2015
CSCO,DIA,11/2/2015
CVX,DIA,11/2/2015
DD,DIA,11/2/2015
DIS,DIA,11/2/2015
GE,DIA,11/2/2015
GS,DIA,11/2/2015
HD,DIA,11/2/2015
IBM,DIA,11/2/2015
INTC,DIA,11/2/2015
JNJ,DIA,11/2/2015
JPM,DIA,11/2/2015
KO,DIA,11/2/2015
MCD,DIA,11/2/2015
MMM,DIA,11/2/2015
MRK,DIA,11/2/2015
MSFT,DIA,11/2/2015
NKE,DIA,11/2/2015
PFE,DIA,11/2/2015
PG,DIA,11/2/2015
TRV,DIA,11/2/2015
UNH,DIA,11/2/2015
UTX,DIA,11/2/2015
V,DIA,11/2/2015
VZ,DIA,11/2/2015
WMT,DIA,11/2/2015
XOM,DIA,11/2/2015
AAPL,DIA,12/1/2015
AXP,DIA,12/1/2015
BA,DIA,12/1/2015
CAT,DIA,12/1/2015
CSCO,DIA,12/1/2015
CVX,DIA,12/1/2015
DD,DIA,12/1/2015
DIS,DIA,12/1/2015
GE,DIA,12/1/2015
GS,DIA,12/1/2015
HD,DIA,12/1/2015
IBM,DIA,12/1/2015
INTC,DIA,12/1/2015
JNJ,DIA,12/1/2015
JPM,DIA,12/1/2015
KO,DIA,12/1/2015
MCD,DIA,12/1/2015
MMM,DIA,12/1/2015
MRK,DIA,12/1/2015
MSFT,DIA,12/1/2015
NKE,DIA,12/1/2015
PFE,DIA,12/1/2015
PG,DIA,12/1/2015
TRV,DIA,12/1/2015
UNH,DIA,12/1/2015
UTX,DIA,12/1/2015
V,DIA,12/1/2015
VZ,DIA,12/1/2015
WMT,DIA,12/1/2015
XOM,DIA,12/1/2015
AAPL,DIA,1/4/2016
AXP,DIA,1/4/2016
BA,DIA,1/4/2016
CAT,DIA,1/4/2016
CSCO,DIA,1/4/2016
CVX,DIA,1/4/2016
DD,DIA,1/4/2016
DIS,DIA,1/4/2016
GE,DIA,1/4/2016
GS,DIA,1/4/2016
HD,DIA,1/4/2016
IBM,DIA,1/4/2016
INTC,DIA,1/4/2016
JNJ,DIA,1/4/2016
JPM,DIA,1/4/2016
KO,DIA,1/4/2016
MCD,DIA,1/4/2016
MMM,DIA,1/4/2016
MRK,DIA,1/4/2016
MSFT,DIA,1/4/2016
NKE,DIA,1/4/2016
PFE,DIA,1/4/2016
PG,DIA,1/4/2016
TRV,DIA,1/4/2016
UNH,DIA,1/4/2016
UTX,DIA,1/4/2016
V,DIA,1/4/2016
VZ,DIA,1/4/2016
WMT,DIA,1/4/2016
XOM,DIA,1/4/2016
AAPL,DIA,2/1/2016
AXP,DIA,2/1/2016
BA,DIA,2/1/2016
CAT,DIA,2/1/2016
CSCO,DIA,2/1/2016
CVX,DIA,2/1/2016
DD,DIA,2/1/2016
DIS,DIA,2/1/2016
GE,DIA,2/1/2016
GS,DIA,2/1/2016
HD,DIA,2/1/2016
IBM,DIA,2/1/2016
INTC,DIA,2/1/2016
JNJ,DIA,2/1/2016
JPM,DIA,2/1/2016
KO,DIA,2/1/2016
MCD,DIA,2/1/2016
MMM,DIA,2/1/2016
MRK,DIA,2/1/2016
MSFT,DIA,2/1/2016
NKE,DIA,2/1/2016
PFE,DIA,2/1/2016
PG,DIA,2/1/2016
TRV,DIA,2/1/2016
UNH,DIA,2/1/2016
UTX,DIA,2/1/2016
V,DIA,2/1/2016
VZ,DIA,2/1/2016
WMT,DIA,2/1/2016
XOM,DIA,2/1/2016
AAPL,DIA,3/1/2016
AXP,DIA,3/1/2016
BA,DIA,3/1/2016
CAT,DIA,3/1/2016
CSCO,DIA,3/1/2016
CVX,DIA,3/1/2016
DD,DIA,3/1/2016
DIS,DIA,3/1/2016
GE,DIA,3/1/2016
GS,DIA,3/1/2016
HD,DIA,3/1/2016
IBM,DIA,3/1/2016
INTC,DIA,3/1/2016
JNJ,DIA,3/1/2016
JPM,DIA,3/1/2016
KO,DIA,3/1/2016
MCD,DIA,3/1/2016
MMM,DIA,3/1/2016
MRK,DIA,3/1/2016
MSFT,DIA,3/1/2016
NKE,DIA,3/1/2016
PFE,DIA,3/1/2016
PG,DIA,3/1/2016
TRV,DIA,3/1/2016
UNH,DIA,3/1/2016
UTX,DIA,3/1/2016
V,DIA,3/1/2016
VZ,DIA,3/1/2016
WMT,DIA,3/1/2016
XOM,DIA,3/1/2016
AAPL,DIA,4/1/2016
AXP,DIA,4/1/2016
BA,DIA,4/1/2016
CAT,DIA,4/1/2016
CSCO,DIA,4/1/2016
CVX,DIA,4/1/2016
DD,DIA,4/1/2016
DIS,DIA,4/1/2016
GE,DIA,4/1/2016
GS,DIA,4/1/2016
HD,DIA,4/1/2016
IBM,DIA,4/1/2016
INTC,DIA,4/1/2016
JNJ,DIA,4/1/2016
JPM,DIA,4/1/2016
KO,DIA,4/1/2016
MCD,DIA,4/1/2016
MMM,DIA,4/1/2016
MRK,DIA,4/1/2016
MSFT,DIA,4/1/2016
NKE,DIA,4/1/2016
PFE,DIA,4/1/2016
PG,DIA,4/1/2016
TRV,DIA,4/1/2016
UNH,DIA,4/1/2016
UTX,DIA,4/1/2016
V,DIA,4/1/2016
VZ,DIA,4/1/2016
WMT,DIA,4/1/2016
XOM,DIA,4/1/2016
AAPL,DIA,5/2/2016
AXP,DIA,5/2/2016
BA,DIA,5/2/2016
CAT,DIA,5/2/2016
CSCO,DIA,5/2/2016
CVX,DIA,5/2/2016
DD,DIA,5/2/2016
DIS,DIA,5/2/2016
GE,DIA,5/2/2016
GS,DIA,5/2/2016
HD,DIA,5/2/2016
IBM,DIA,5/2/2016
INTC,DIA,5/2/2016
JNJ,DIA,5/2/2016
JPM,DIA,5/2/2016
KO,DIA,5/2/2016
MCD,DIA,5/2/2016
MMM,DIA,5/2/2016
MRK,DIA,5/2/2016
MSFT,DIA,5/2/2016
NKE,DIA,5/2/2016
PFE,DIA,5/2/2016
PG,DIA,5/2/2016
TRV,DIA,5/2/2016
UNH,DIA,5/2/2016
UTX,DIA,5/2/2016
V,DIA,5/2/2016
VZ,DIA,5/2/2016
WMT,DIA,5/2/2016
XOM,DIA,5/2/2016
AAPL,DIA,6/1/2016
AXP,DIA,6/1/2016
BA,DIA,6/1/2016
CAT,DIA,6/1/2016
CSCO,DIA,6/1/2016
CVX,DIA,6/1/2016
DD,DIA,6/1/2016
DIS,DIA,6/1/2016
GE,DIA,6/1/2016
GS,DIA,6/1/2016
HD,DIA,6/1/2016
IBM,DIA,6/1/2016
INTC,DIA,6/1/2016
JNJ,DIA,6/1/2016
JPM,DIA,6/1/2016
KO,DIA,6/1/2016
MCD,DIA,6/1/2016
MMM,DIA,6/1/2016
MRK,DIA,6/1/2016
MSFT,DIA,6/1/2016
NKE,DIA,6/1/2016
PFE,DIA,6/1/2016
PG,DIA,6/1/2016
TRV,DIA,6/1/2016
UNH,DIA,6/1/2016
UTX,DIA,6/1/2016
V,DIA,6/1/2016
VZ,DIA,6/1/2016
WMT,DIA,6/1/2016
XOM,DIA,6/1/2016
AAPL,DIA,7/1/2016
AXP,DIA,7/1/2016
BA,DIA,7/1/2016
CAT,DIA,7/1/2016
CSCO,DIA,7/1/2016
CVX,DIA,7/1/2016
DD,DIA,7/1/2016
DIS,DIA,7/1/2016
GE,DIA,7/1/2016
GS,DIA,7/1/2016
HD,DIA,7/1/2016
IBM,DIA,7/1/2016
INTC,DIA,7/1/2016
JNJ,DIA,7/1/2016
JPM,DIA,7/1/2016
KO,DIA,7/1/2016
MCD,DIA,7/1/2016
MMM,DIA,7/1/2016
MRK,DIA,7/1/2016
MSFT,DIA,7/1/2016
NKE,DIA,7/1/2016
PFE,DIA,7/1/2016
PG,DIA,7/1/2016
TRV,DIA,7/1/2016
UNH,DIA,7/1/2016
UTX,DIA,7/1/2016
V,DIA,7/1/2016
VZ,DIA,7/1/2016
WMT,DIA,7/1/2016
XOM,DIA,7/1/2016
AAPL,DIA,8/1/2016
AXP,DIA,8/1/2016
BA,DIA,8/1/2016
CAT,DIA,8/1/2016
CSCO,DIA,8/1/2016
CVX,DIA,8/1/2016
DD,DIA,8/1/2016
DIS,DIA,8/1/2016
GE,DIA,8/1/2016
GS,DIA,8/1/2016
HD,DIA,8/1/2016
IBM,DIA,8/1/2016
INTC,DIA,8/1/2016
JNJ,DIA,8/1/2016
JPM,DIA,8/1/2016
KO,DIA,8/1/2016
MCD,DIA,8/1/2016
MMM,DIA,8/1/2016
MRK,DIA,8/1/2016
MSFT,DIA,8/1/2016
NKE,DIA,8/1/2016
PFE,DIA,8/1/2016
PG,DIA,8/1/2016
TRV,DIA,8/1/2016
UNH,DIA,8/1/2016
UTX,DIA,8/1/2016
V,DIA,8/1/2016
VZ,DIA,8/1/2016
WMT,DIA,8/1/2016
XOM,DIA,8/1/2016
